Network_Reward,Group_A_Reward,Group_B_Reward,tls_1,tls_2,tls_3,tls_4,tls_5,tls_6,tls_7,tls_8
-2210.5,-1178.0,-1032.5,-294.5,-294.5,-294.5,-294.5,-258.125,-258.125,-258.125,-258.125
-2077.0,-1154.5,-922.5,-288.625,-288.625,-288.625,-288.625,-230.625,-230.625,-230.625,-230.625
-2414.5,-1314.0,-1100.5,-328.5,-328.5,-328.5,-328.5,-275.125,-275.125,-275.125,-275.125
-2345.5,-1054.0,-1291.5,-263.5,-263.5,-263.5,-263.5,-322.875,-322.875,-322.875,-322.875
-2302.0,-1241.0,-1061.0,-310.25,-310.25,-310.25,-310.25,-265.25,-265.25,-265.25,-265.25
-2306.0,-1251.5,-1054.5,-312.875,-312.875,-312.875,-312.875,-263.625,-263.625,-263.625,-263.625
-2269.0,-1209.5,-1059.5,-302.375,-302.375,-302.375,-302.375,-264.875,-264.875,-264.875,-264.875
-2505.5,-1260.5,-1245.0,-315.125,-315.125,-315.125,-315.125,-311.25,-311.25,-311.25,-311.25
-2304.0,-1101.5,-1202.5,-275.375,-275.375,-275.375,-275.375,-300.625,-300.625,-300.625,-300.625
-2205.5,-1052.0,-1153.5,-263.0,-263.0,-263.0,-263.0,-288.375,-288.375,-288.375,-288.375
-2230.5,-1245.5,-985.0,-311.375,-311.375,-311.375,-311.375,-246.25,-246.25,-246.25,-246.25
-2107.5,-1111.5,-996.0,-277.875,-277.875,-277.875,-277.875,-249.0,-249.0,-249.0,-249.0
-2329.0,-1240.0,-1089.0,-310.0,-310.0,-310.0,-310.0,-272.25,-272.25,-272.25,-272.25
-2076.5,-1169.0,-907.5,-292.25,-292.25,-292.25,-292.25,-226.875,-226.875,-226.875,-226.875
-1918.5,-1010.5,-908.0,-252.625,-252.625,-252.625,-252.625,-227.0,-227.0,-227.0,-227.0
-1996.5,-1079.5,-917.0,-269.875,-269.875,-269.875,-269.875,-229.25,-229.25,-229.25,-229.25
-2349.5,-1301.0,-1048.5,-325.25,-325.25,-325.25,-325.25,-262.125,-262.125,-262.125,-262.125
-2188.5,-1112.0,-1076.5,-278.0,-278.0,-278.0,-278.0,-269.125,-269.125,-269.125,-269.125
-2172.5,-1161.0,-1011.5,-290.25,-290.25,-290.25,-290.25,-252.875,-252.875,-252.875,-252.875
-2079.0,-1103.5,-975.5,-275.875,-275.875,-275.875,-275.875,-243.875,-243.875,-243.875,-243.875
-2287.5,-1164.5,-1123.0,-291.125,-291.125,-291.125,-291.125,-280.75,-280.75,-280.75,-280.75
-2227.5,-1158.0,-1069.5,-289.5,-289.5,-289.5,-289.5,-267.375,-267.375,-267.375,-267.375
-2233.5,-1118.0,-1115.5,-279.5,-279.5,-279.5,-279.5,-278.875,-278.875,-278.875,-278.875
-2293.5,-1195.5,-1098.0,-298.875,-298.875,-298.875,-298.875,-274.5,-274.5,-274.5,-274.5
-2251.0,-1201.5,-1049.5,-300.375,-300.375,-300.375,-300.375,-262.375,-262.375,-262.375,-262.375
-2128.0,-1168.0,-960.0,-292.0,-292.0,-292.0,-292.0,-240.0,-240.0,-240.0,-240.0
-2123.5,-1118.5,-1005.0,-279.625,-279.625,-279.625,-279.625,-251.25,-251.25,-251.25,-251.25
-2110.5,-1101.5,-1009.0,-275.375,-275.375,-275.375,-275.375,-252.25,-252.25,-252.25,-252.25
-1974.5,-1046.0,-928.5,-261.5,-261.5,-261.5,-261.5,-232.125,-232.125,-232.125,-232.125
-1895.5,-974.5,-921.0,-243.625,-243.625,-243.625,-243.625,-230.25,-230.25,-230.25,-230.25
-2063.0,-1051.0,-1012.0,-262.75,-262.75,-262.75,-262.75,-253.0,-253.0,-253.0,-253.0
-2252.0,-1206.5,-1045.5,-301.625,-301.625,-301.625,-301.625,-261.375,-261.375,-261.375,-261.375
-1892.5,-1011.0,-881.5,-252.75,-252.75,-252.75,-252.75,-220.375,-220.375,-220.375,-220.375
-2025.0,-1023.5,-1001.5,-255.875,-255.875,-255.875,-255.875,-250.375,-250.375,-250.375,-250.375
-2142.0,-1011.5,-1130.5,-252.875,-252.875,-252.875,-252.875,-282.625,-282.625,-282.625,-282.625
-2059.0,-1086.0,-973.0,-271.5,-271.5,-271.5,-271.5,-243.25,-243.25,-243.25,-243.25
-1959.0,-975.5,-983.5,-243.875,-243.875,-243.875,-243.875,-245.875,-245.875,-245.875,-245.875
-2104.5,-1103.0,-1001.5,-275.75,-275.75,-275.75,-275.75,-250.375,-250.375,-250.375,-250.375
-2296.0,-1216.5,-1079.5,-304.125,-304.125,-304.125,-304.125,-269.875,-269.875,-269.875,-269.875
-2249.0,-1102.0,-1147.0,-275.5,-275.5,-275.5,-275.5,-286.75,-286.75,-286.75,-286.75
-2009.0,-1065.0,-944.0,-266.25,-266.25,-266.25,-266.25,-236.0,-236.0,-236.0,-236.0
-2100.0,-1168.0,-932.0,-292.0,-292.0,-292.0,-292.0,-233.0,-233.0,-233.0,-233.0
-2374.5,-1303.0,-1071.5,-325.75,-325.75,-325.75,-325.75,-267.875,-267.875,-267.875,-267.875
-2116.5,-1207.5,-909.0,-301.875,-301.875,-301.875,-301.875,-227.25,-227.25,-227.25,-227.25
-1994.0,-1075.5,-918.5,-268.875,-268.875,-268.875,-268.875,-229.625,-229.625,-229.625,-229.625
-2078.0,-1138.0,-940.0,-284.5,-284.5,-284.5,-284.5,-235.0,-235.0,-235.0,-235.0
-1862.0,-1030.5,-831.5,-257.625,-257.625,-257.625,-257.625,-207.875,-207.875,-207.875,-207.875
-1761.0,-912.0,-849.0,-228.0,-228.0,-228.0,-228.0,-212.25,-212.25,-212.25,-212.25
-2049.0,-1035.5,-1013.5,-258.875,-258.875,-258.875,-258.875,-253.375,-253.375,-253.375,-253.375
-2071.5,-1057.0,-1014.5,-264.25,-264.25,-264.25,-264.25,-253.625,-253.625,-253.625,-253.625
-1847.5,-911.5,-936.0,-227.875,-227.875,-227.875,-227.875,-234.0,-234.0,-234.0,-234.0
-1962.0,-999.5,-962.5,-249.875,-249.875,-249.875,-249.875,-240.625,-240.625,-240.625,-240.625
-2321.5,-1243.0,-1078.5,-310.75,-310.75,-310.75,-310.75,-269.625,-269.625,-269.625,-269.625
-1780.5,-1015.0,-765.5,-253.75,-253.75,-253.75,-253.75,-191.375,-191.375,-191.375,-191.375
-2567.0,-1543.0,-1024.0,-385.75,-385.75,-385.75,-385.75,-256.0,-256.0,-256.0,-256.0
-1728.5,-927.0,-801.5,-231.75,-231.75,-231.75,-231.75,-200.375,-200.375,-200.375,-200.375
-2056.0,-1155.0,-901.0,-288.75,-288.75,-288.75,-288.75,-225.25,-225.25,-225.25,-225.25
-1913.0,-986.0,-927.0,-246.5,-246.5,-246.5,-246.5,-231.75,-231.75,-231.75,-231.75
-1979.0,-1089.5,-889.5,-272.375,-272.375,-272.375,-272.375,-222.375,-222.375,-222.375,-222.375
-1966.0,-1043.5,-922.5,-260.875,-260.875,-260.875,-260.875,-230.625,-230.625,-230.625,-230.625
-1949.5,-1021.0,-928.5,-255.25,-255.25,-255.25,-255.25,-232.125,-232.125,-232.125,-232.125
-1978.5,-1100.5,-878.0,-275.125,-275.125,-275.125,-275.125,-219.5,-219.5,-219.5,-219.5
-2225.5,-1167.0,-1058.5,-291.75,-291.75,-291.75,-291.75,-264.625,-264.625,-264.625,-264.625
-2182.0,-1113.0,-1069.0,-278.25,-278.25,-278.25,-278.25,-267.25,-267.25,-267.25,-267.25
-2013.0,-1107.0,-906.0,-276.75,-276.75,-276.75,-276.75,-226.5,-226.5,-226.5,-226.5
-1972.0,-1067.0,-905.0,-266.75,-266.75,-266.75,-266.75,-226.25,-226.25,-226.25,-226.25
-2156.0,-1161.5,-994.5,-290.375,-290.375,-290.375,-290.375,-248.625,-248.625,-248.625,-248.625
-1990.0,-1042.5,-947.5,-260.625,-260.625,-260.625,-260.625,-236.875,-236.875,-236.875,-236.875
-1949.5,-950.5,-999.0,-237.625,-237.625,-237.625,-237.625,-249.75,-249.75,-249.75,-249.75
-1962.5,-1012.0,-950.5,-253.0,-253.0,-253.0,-253.0,-237.625,-237.625,-237.625,-237.625
-1901.0,-976.5,-924.5,-244.125,-244.125,-244.125,-244.125,-231.125,-231.125,-231.125,-231.125
-2020.5,-1140.0,-880.5,-285.0,-285.0,-285.0,-285.0,-220.125,-220.125,-220.125,-220.125
-1813.5,-871.0,-942.5,-217.75,-217.75,-217.75,-217.75,-235.625,-235.625,-235.625,-235.625
-2106.0,-1173.0,-933.0,-293.25,-293.25,-293.25,-293.25,-233.25,-233.25,-233.25,-233.25
-1994.0,-1070.0,-924.0,-267.5,-267.5,-267.5,-267.5,-231.0,-231.0,-231.0,-231.0
-2155.5,-1045.5,-1110.0,-261.375,-261.375,-261.375,-261.375,-277.5,-277.5,-277.5,-277.5
-2047.5,-1057.0,-990.5,-264.25,-264.25,-264.25,-264.25,-247.625,-247.625,-247.625,-247.625
-1874.5,-942.0,-932.5,-235.5,-235.5,-235.5,-235.5,-233.125,-233.125,-233.125,-233.125
-2230.0,-1092.0,-1138.0,-273.0,-273.0,-273.0,-273.0,-284.5,-284.5,-284.5,-284.5
-1951.0,-1003.0,-948.0,-250.75,-250.75,-250.75,-250.75,-237.0,-237.0,-237.0,-237.0
-1973.0,-1010.0,-963.0,-252.5,-252.5,-252.5,-252.5,-240.75,-240.75,-240.75,-240.75
-2012.0,-1075.5,-936.5,-268.875,-268.875,-268.875,-268.875,-234.125,-234.125,-234.125,-234.125
-2013.5,-1046.0,-967.5,-261.5,-261.5,-261.5,-261.5,-241.875,-241.875,-241.875,-241.875
-1935.5,-1071.5,-864.0,-267.875,-267.875,-267.875,-267.875,-216.0,-216.0,-216.0,-216.0
-2120.5,-1139.5,-981.0,-284.875,-284.875,-284.875,-284.875,-245.25,-245.25,-245.25,-245.25
-1999.5,-999.5,-1000.0,-249.875,-249.875,-249.875,-249.875,-250.0,-250.0,-250.0,-250.0
-1892.0,-961.5,-930.5,-240.375,-240.375,-240.375,-240.375,-232.625,-232.625,-232.625,-232.625
-2005.5,-1027.5,-978.0,-256.875,-256.875,-256.875,-256.875,-244.5,-244.5,-244.5,-244.5
-1976.5,-1114.5,-862.0,-278.625,-278.625,-278.625,-278.625,-215.5,-215.5,-215.5,-215.5
-1987.5,-1103.5,-884.0,-275.875,-275.875,-275.875,-275.875,-221.0,-221.0,-221.0,-221.0
-1846.0,-904.5,-941.5,-226.125,-226.125,-226.125,-226.125,-235.375,-235.375,-235.375,-235.375
-1738.5,-882.0,-856.5,-220.5,-220.5,-220.5,-220.5,-214.125,-214.125,-214.125,-214.125
-2071.0,-1045.5,-1025.5,-261.375,-261.375,-261.375,-261.375,-256.375,-256.375,-256.375,-256.375
-1747.5,-832.0,-915.5,-208.0,-208.0,-208.0,-208.0,-228.875,-228.875,-228.875,-228.875
-1922.5,-1037.5,-885.0,-259.375,-259.375,-259.375,-259.375,-221.25,-221.25,-221.25,-221.25
-1806.5,-884.5,-922.0,-221.125,-221.125,-221.125,-221.125,-230.5,-230.5,-230.5,-230.5
-1992.0,-1038.5,-953.5,-259.625,-259.625,-259.625,-259.625,-238.375,-238.375,-238.375,-238.375
-1809.5,-938.0,-871.5,-234.5,-234.5,-234.5,-234.5,-217.875,-217.875,-217.875,-217.875
-1780.5,-888.5,-892.0,-222.125,-222.125,-222.125,-222.125,-223.0,-223.0,-223.0,-223.0
-1919.0,-1031.0,-888.0,-257.75,-257.75,-257.75,-257.75,-222.0,-222.0,-222.0,-222.0
-1861.5,-995.5,-866.0,-248.875,-248.875,-248.875,-248.875,-216.5,-216.5,-216.5,-216.5
-1792.5,-953.0,-839.5,-238.25,-238.25,-238.25,-238.25,-209.875,-209.875,-209.875,-209.875
-2086.0,-1024.0,-1062.0,-256.0,-256.0,-256.0,-256.0,-265.5,-265.5,-265.5,-265.5
-1993.0,-967.5,-1025.5,-241.875,-241.875,-241.875,-241.875,-256.375,-256.375,-256.375,-256.375
-1877.5,-1030.0,-847.5,-257.5,-257.5,-257.5,-257.5,-211.875,-211.875,-211.875,-211.875
-1962.0,-1058.5,-903.5,-264.625,-264.625,-264.625,-264.625,-225.875,-225.875,-225.875,-225.875
-1897.5,-941.0,-956.5,-235.25,-235.25,-235.25,-235.25,-239.125,-239.125,-239.125,-239.125
-1784.0,-900.0,-884.0,-225.0,-225.0,-225.0,-225.0,-221.0,-221.0,-221.0,-221.0
-1830.5,-945.5,-885.0,-236.375,-236.375,-236.375,-236.375,-221.25,-221.25,-221.25,-221.25
-1966.5,-1008.5,-958.0,-252.125,-252.125,-252.125,-252.125,-239.5,-239.5,-239.5,-239.5
-1985.5,-1029.5,-956.0,-257.375,-257.375,-257.375,-257.375,-239.0,-239.0,-239.0,-239.0
-1898.0,-1003.0,-895.0,-250.75,-250.75,-250.75,-250.75,-223.75,-223.75,-223.75,-223.75
-1675.0,-846.0,-829.0,-211.5,-211.5,-211.5,-211.5,-207.25,-207.25,-207.25,-207.25
-1976.0,-953.5,-1022.5,-238.375,-238.375,-238.375,-238.375,-255.625,-255.625,-255.625,-255.625
-2127.5,-1062.0,-1065.5,-265.5,-265.5,-265.5,-265.5,-266.375,-266.375,-266.375,-266.375
-2007.5,-1144.0,-863.5,-286.0,-286.0,-286.0,-286.0,-215.875,-215.875,-215.875,-215.875
-1966.0,-1009.5,-956.5,-252.375,-252.375,-252.375,-252.375,-239.125,-239.125,-239.125,-239.125
-2000.5,-1016.0,-984.5,-254.0,-254.0,-254.0,-254.0,-246.125,-246.125,-246.125,-246.125
-1872.5,-985.0,-887.5,-246.25,-246.25,-246.25,-246.25,-221.875,-221.875,-221.875,-221.875
-1939.5,-1008.5,-931.0,-252.125,-252.125,-252.125,-252.125,-232.75,-232.75,-232.75,-232.75
-1798.5,-965.5,-833.0,-241.375,-241.375,-241.375,-241.375,-208.25,-208.25,-208.25,-208.25
-1825.5,-883.5,-942.0,-220.875,-220.875,-220.875,-220.875,-235.5,-235.5,-235.5,-235.5
-1829.5,-919.5,-910.0,-229.875,-229.875,-229.875,-229.875,-227.5,-227.5,-227.5,-227.5
-1863.0,-1017.0,-846.0,-254.25,-254.25,-254.25,-254.25,-211.5,-211.5,-211.5,-211.5
-1746.0,-874.0,-872.0,-218.5,-218.5,-218.5,-218.5,-218.0,-218.0,-218.0,-218.0
-1943.5,-973.5,-970.0,-243.375,-243.375,-243.375,-243.375,-242.5,-242.5,-242.5,-242.5
-1704.0,-884.0,-820.0,-221.0,-221.0,-221.0,-221.0,-205.0,-205.0,-205.0,-205.0
-2141.5,-1142.0,-999.5,-285.5,-285.5,-285.5,-285.5,-249.875,-249.875,-249.875,-249.875
-1965.0,-1053.5,-911.5,-263.375,-263.375,-263.375,-263.375,-227.875,-227.875,-227.875,-227.875
-1881.5,-951.0,-930.5,-237.75,-237.75,-237.75,-237.75,-232.625,-232.625,-232.625,-232.625
-1947.5,-1062.0,-885.5,-265.5,-265.5,-265.5,-265.5,-221.375,-221.375,-221.375,-221.375
-2016.5,-1158.0,-858.5,-289.5,-289.5,-289.5,-289.5,-214.625,-214.625,-214.625,-214.625
-1910.5,-1037.5,-873.0,-259.375,-259.375,-259.375,-259.375,-218.25,-218.25,-218.25,-218.25
-1993.0,-1046.0,-947.0,-261.5,-261.5,-261.5,-261.5,-236.75,-236.75,-236.75,-236.75
-1793.0,-963.5,-829.5,-240.875,-240.875,-240.875,-240.875,-207.375,-207.375,-207.375,-207.375
-1849.5,-905.5,-944.0,-226.375,-226.375,-226.375,-226.375,-236.0,-236.0,-236.0,-236.0
-1708.0,-873.0,-835.0,-218.25,-218.25,-218.25,-218.25,-208.75,-208.75,-208.75,-208.75
-1989.0,-1039.0,-950.0,-259.75,-259.75,-259.75,-259.75,-237.5,-237.5,-237.5,-237.5
-1979.0,-1063.5,-915.5,-265.875,-265.875,-265.875,-265.875,-228.875,-228.875,-228.875,-228.875
-1711.0,-883.0,-828.0,-220.75,-220.75,-220.75,-220.75,-207.0,-207.0,-207.0,-207.0
-1894.5,-1003.5,-891.0,-250.875,-250.875,-250.875,-250.875,-222.75,-222.75,-222.75,-222.75
-1884.0,-989.0,-895.0,-247.25,-247.25,-247.25,-247.25,-223.75,-223.75,-223.75,-223.75
-1833.0,-896.0,-937.0,-224.0,-224.0,-224.0,-224.0,-234.25,-234.25,-234.25,-234.25
-2088.5,-1010.0,-1078.5,-252.5,-252.5,-252.5,-252.5,-269.625,-269.625,-269.625,-269.625
-1902.5,-995.5,-907.0,-248.875,-248.875,-248.875,-248.875,-226.75,-226.75,-226.75,-226.75
-1903.0,-974.5,-928.5,-243.625,-243.625,-243.625,-243.625,-232.125,-232.125,-232.125,-232.125
-1774.5,-913.5,-861.0,-228.375,-228.375,-228.375,-228.375,-215.25,-215.25,-215.25,-215.25
-1925.5,-1034.0,-891.5,-258.5,-258.5,-258.5,-258.5,-222.875,-222.875,-222.875,-222.875
-1850.0,-990.5,-859.5,-247.625,-247.625,-247.625,-247.625,-214.875,-214.875,-214.875,-214.875
-1764.5,-924.5,-840.0,-231.125,-231.125,-231.125,-231.125,-210.0,-210.0,-210.0,-210.0
-1800.5,-892.5,-908.0,-223.125,-223.125,-223.125,-223.125,-227.0,-227.0,-227.0,-227.0
-1904.5,-953.5,-951.0,-238.375,-238.375,-238.375,-238.375,-237.75,-237.75,-237.75,-237.75
-1951.0,-1092.0,-859.0,-273.0,-273.0,-273.0,-273.0,-214.75,-214.75,-214.75,-214.75
-1725.5,-902.0,-823.5,-225.5,-225.5,-225.5,-225.5,-205.875,-205.875,-205.875,-205.875
-1874.5,-970.0,-904.5,-242.5,-242.5,-242.5,-242.5,-226.125,-226.125,-226.125,-226.125
-1944.5,-977.0,-967.5,-244.25,-244.25,-244.25,-244.25,-241.875,-241.875,-241.875,-241.875
-1937.5,-960.5,-977.0,-240.125,-240.125,-240.125,-240.125,-244.25,-244.25,-244.25,-244.25
-1911.5,-1028.5,-883.0,-257.125,-257.125,-257.125,-257.125,-220.75,-220.75,-220.75,-220.75
-1975.0,-1042.5,-932.5,-260.625,-260.625,-260.625,-260.625,-233.125,-233.125,-233.125,-233.125
-1690.0,-801.5,-888.5,-200.375,-200.375,-200.375,-200.375,-222.125,-222.125,-222.125,-222.125
-2005.5,-1132.0,-873.5,-283.0,-283.0,-283.0,-283.0,-218.375,-218.375,-218.375,-218.375
-1739.5,-939.0,-800.5,-234.75,-234.75,-234.75,-234.75,-200.125,-200.125,-200.125,-200.125
-1866.5,-1022.5,-844.0,-255.625,-255.625,-255.625,-255.625,-211.0,-211.0,-211.0,-211.0
-1916.5,-969.0,-947.5,-242.25,-242.25,-242.25,-242.25,-236.875,-236.875,-236.875,-236.875
-1757.0,-961.5,-795.5,-240.375,-240.375,-240.375,-240.375,-198.875,-198.875,-198.875,-198.875
-1880.5,-977.5,-903.0,-244.375,-244.375,-244.375,-244.375,-225.75,-225.75,-225.75,-225.75
-1991.5,-1033.5,-958.0,-258.375,-258.375,-258.375,-258.375,-239.5,-239.5,-239.5,-239.5
-1799.5,-942.0,-857.5,-235.5,-235.5,-235.5,-235.5,-214.375,-214.375,-214.375,-214.375
-2102.0,-1170.0,-932.0,-292.5,-292.5,-292.5,-292.5,-233.0,-233.0,-233.0,-233.0
-1898.5,-973.5,-925.0,-243.375,-243.375,-243.375,-243.375,-231.25,-231.25,-231.25,-231.25
-2068.0,-1089.5,-978.5,-272.375,-272.375,-272.375,-272.375,-244.625,-244.625,-244.625,-244.625
-2055.5,-1165.5,-890.0,-291.375,-291.375,-291.375,-291.375,-222.5,-222.5,-222.5,-222.5
-1897.5,-924.0,-973.5,-231.0,-231.0,-231.0,-231.0,-243.375,-243.375,-243.375,-243.375
-1837.5,-934.5,-903.0,-233.625,-233.625,-233.625,-233.625,-225.75,-225.75,-225.75,-225.75
-2012.5,-1044.0,-968.5,-261.0,-261.0,-261.0,-261.0,-242.125,-242.125,-242.125,-242.125
-1857.0,-978.5,-878.5,-244.625,-244.625,-244.625,-244.625,-219.625,-219.625,-219.625,-219.625
-1832.5,-1026.5,-806.0,-256.625,-256.625,-256.625,-256.625,-201.5,-201.5,-201.5,-201.5
-1856.5,-991.5,-865.0,-247.875,-247.875,-247.875,-247.875,-216.25,-216.25,-216.25,-216.25
-1779.5,-876.0,-903.5,-219.0,-219.0,-219.0,-219.0,-225.875,-225.875,-225.875,-225.875
-1822.5,-974.5,-848.0,-243.625,-243.625,-243.625,-243.625,-212.0,-212.0,-212.0,-212.0
-1912.5,-1056.0,-856.5,-264.0,-264.0,-264.0,-264.0,-214.125,-214.125,-214.125,-214.125
-1693.0,-853.5,-839.5,-213.375,-213.375,-213.375,-213.375,-209.875,-209.875,-209.875,-209.875
-1710.5,-915.0,-795.5,-228.75,-228.75,-228.75,-228.75,-198.875,-198.875,-198.875,-198.875
-1614.5,-888.0,-726.5,-222.0,-222.0,-222.0,-222.0,-181.625,-181.625,-181.625,-181.625
-1812.0,-899.0,-913.0,-224.75,-224.75,-224.75,-224.75,-228.25,-228.25,-228.25,-228.25
-1745.5,-944.0,-801.5,-236.0,-236.0,-236.0,-236.0,-200.375,-200.375,-200.375,-200.375
-1793.0,-948.0,-845.0,-237.0,-237.0,-237.0,-237.0,-211.25,-211.25,-211.25,-211.25
-1770.0,-864.5,-905.5,-216.125,-216.125,-216.125,-216.125,-226.375,-226.375,-226.375,-226.375
-2001.5,-1050.0,-951.5,-262.5,-262.5,-262.5,-262.5,-237.875,-237.875,-237.875,-237.875
-1755.0,-899.0,-856.0,-224.75,-224.75,-224.75,-224.75,-214.0,-214.0,-214.0,-214.0
-1987.5,-999.5,-988.0,-249.875,-249.875,-249.875,-249.875,-247.0,-247.0,-247.0,-247.0
-1702.5,-877.0,-825.5,-219.25,-219.25,-219.25,-219.25,-206.375,-206.375,-206.375,-206.375
-1885.0,-992.0,-893.0,-248.0,-248.0,-248.0,-248.0,-223.25,-223.25,-223.25,-223.25
-1945.0,-1016.0,-929.0,-254.0,-254.0,-254.0,-254.0,-232.25,-232.25,-232.25,-232.25
-1913.0,-1038.5,-874.5,-259.625,-259.625,-259.625,-259.625,-218.625,-218.625,-218.625,-218.625
-1830.0,-952.0,-878.0,-238.0,-238.0,-238.0,-238.0,-219.5,-219.5,-219.5,-219.5
-1857.0,-957.5,-899.5,-239.375,-239.375,-239.375,-239.375,-224.875,-224.875,-224.875,-224.875
-1769.5,-873.0,-896.5,-218.25,-218.25,-218.25,-218.25,-224.125,-224.125,-224.125,-224.125
-1765.0,-929.0,-836.0,-232.25,-232.25,-232.25,-232.25,-209.0,-209.0,-209.0,-209.0
-1929.0,-1016.0,-913.0,-254.0,-254.0,-254.0,-254.0,-228.25,-228.25,-228.25,-228.25
-1821.5,-957.0,-864.5,-239.25,-239.25,-239.25,-239.25,-216.125,-216.125,-216.125,-216.125
-1776.0,-864.0,-912.0,-216.0,-216.0,-216.0,-216.0,-228.0,-228.0,-228.0,-228.0
-1898.5,-935.5,-963.0,-233.875,-233.875,-233.875,-233.875,-240.75,-240.75,-240.75,-240.75
-1910.0,-976.0,-934.0,-244.0,-244.0,-244.0,-244.0,-233.5,-233.5,-233.5,-233.5
-1753.5,-883.5,-870.0,-220.875,-220.875,-220.875,-220.875,-217.5,-217.5,-217.5,-217.5
-1834.5,-920.5,-914.0,-230.125,-230.125,-230.125,-230.125,-228.5,-228.5,-228.5,-228.5
-1647.0,-924.0,-723.0,-231.0,-231.0,-231.0,-231.0,-180.75,-180.75,-180.75,-180.75
-1902.5,-1028.5,-874.0,-257.125,-257.125,-257.125,-257.125,-218.5,-218.5,-218.5,-218.5
-1851.5,-923.0,-928.5,-230.75,-230.75,-230.75,-230.75,-232.125,-232.125,-232.125,-232.125
-1745.0,-882.5,-862.5,-220.625,-220.625,-220.625,-220.625,-215.625,-215.625,-215.625,-215.625
-1888.0,-977.0,-911.0,-244.25,-244.25,-244.25,-244.25,-227.75,-227.75,-227.75,-227.75
-1765.5,-889.5,-876.0,-222.375,-222.375,-222.375,-222.375,-219.0,-219.0,-219.0,-219.0
-1758.5,-880.0,-878.5,-220.0,-220.0,-220.0,-220.0,-219.625,-219.625,-219.625,-219.625
-1911.0,-997.5,-913.5,-249.375,-249.375,-249.375,-249.375,-228.375,-228.375,-228.375,-228.375
-1934.0,-1030.0,-904.0,-257.5,-257.5,-257.5,-257.5,-226.0,-226.0,-226.0,-226.0
-1663.5,-858.0,-805.5,-214.5,-214.5,-214.5,-214.5,-201.375,-201.375,-201.375,-201.375
-1908.5,-941.0,-967.5,-235.25,-235.25,-235.25,-235.25,-241.875,-241.875,-241.875,-241.875
-1662.0,-866.0,-796.0,-216.5,-216.5,-216.5,-216.5,-199.0,-199.0,-199.0,-199.0
-1693.0,-924.0,-769.0,-231.0,-231.0,-231.0,-231.0,-192.25,-192.25,-192.25,-192.25
-1789.0,-955.0,-834.0,-238.75,-238.75,-238.75,-238.75,-208.5,-208.5,-208.5,-208.5
-1872.0,-982.5,-889.5,-245.625,-245.625,-245.625,-245.625,-222.375,-222.375,-222.375,-222.375
-1777.5,-907.0,-870.5,-226.75,-226.75,-226.75,-226.75,-217.625,-217.625,-217.625,-217.625
-1826.0,-930.5,-895.5,-232.625,-232.625,-232.625,-232.625,-223.875,-223.875,-223.875,-223.875
-1744.5,-927.0,-817.5,-231.75,-231.75,-231.75,-231.75,-204.375,-204.375,-204.375,-204.375
-1685.5,-879.5,-806.0,-219.875,-219.875,-219.875,-219.875,-201.5,-201.5,-201.5,-201.5
-1746.0,-951.5,-794.5,-237.875,-237.875,-237.875,-237.875,-198.625,-198.625,-198.625,-198.625
-1788.0,-863.0,-925.0,-215.75,-215.75,-215.75,-215.75,-231.25,-231.25,-231.25,-231.25
-1746.0,-870.0,-876.0,-217.5,-217.5,-217.5,-217.5,-219.0,-219.0,-219.0,-219.0
-1704.5,-827.0,-877.5,-206.75,-206.75,-206.75,-206.75,-219.375,-219.375,-219.375,-219.375
-1990.0,-938.0,-1052.0,-234.5,-234.5,-234.5,-234.5,-263.0,-263.0,-263.0,-263.0
-1837.5,-891.5,-946.0,-222.875,-222.875,-222.875,-222.875,-236.5,-236.5,-236.5,-236.5
-1844.5,-938.5,-906.0,-234.625,-234.625,-234.625,-234.625,-226.5,-226.5,-226.5,-226.5
-1971.0,-1030.5,-940.5,-257.625,-257.625,-257.625,-257.625,-235.125,-235.125,-235.125,-235.125
-1874.5,-959.0,-915.5,-239.75,-239.75,-239.75,-239.75,-228.875,-228.875,-228.875,-228.875
-1868.0,-982.5,-885.5,-245.625,-245.625,-245.625,-245.625,-221.375,-221.375,-221.375,-221.375
-1874.0,-933.0,-941.0,-233.25,-233.25,-233.25,-233.25,-235.25,-235.25,-235.25,-235.25
-1741.5,-865.0,-876.5,-216.25,-216.25,-216.25,-216.25,-219.125,-219.125,-219.125,-219.125
-1887.5,-1048.5,-839.0,-262.125,-262.125,-262.125,-262.125,-209.75,-209.75,-209.75,-209.75
-1761.5,-911.0,-850.5,-227.75,-227.75,-227.75,-227.75,-212.625,-212.625,-212.625,-212.625
-2031.5,-988.5,-1043.0,-247.125,-247.125,-247.125,-247.125,-260.75,-260.75,-260.75,-260.75
-1904.0,-983.5,-920.5,-245.875,-245.875,-245.875,-245.875,-230.125,-230.125,-230.125,-230.125
-1778.5,-912.5,-866.0,-228.125,-228.125,-228.125,-228.125,-216.5,-216.5,-216.5,-216.5
-1686.0,-909.5,-776.5,-227.375,-227.375,-227.375,-227.375,-194.125,-194.125,-194.125,-194.125
-1912.0,-949.0,-963.0,-237.25,-237.25,-237.25,-237.25,-240.75,-240.75,-240.75,-240.75
-1921.5,-984.5,-937.0,-246.125,-246.125,-246.125,-246.125,-234.25,-234.25,-234.25,-234.25
-1744.0,-853.5,-890.5,-213.375,-213.375,-213.375,-213.375,-222.625,-222.625,-222.625,-222.625
-1842.0,-962.0,-880.0,-240.5,-240.5,-240.5,-240.5,-220.0,-220.0,-220.0,-220.0
-1823.5,-934.0,-889.5,-233.5,-233.5,-233.5,-233.5,-222.375,-222.375,-222.375,-222.375
-1883.5,-1003.0,-880.5,-250.75,-250.75,-250.75,-250.75,-220.125,-220.125,-220.125,-220.125
-1856.0,-893.0,-963.0,-223.25,-223.25,-223.25,-223.25,-240.75,-240.75,-240.75,-240.75
-2049.0,-950.0,-1099.0,-237.5,-237.5,-237.5,-237.5,-274.75,-274.75,-274.75,-274.75
-1778.5,-890.5,-888.0,-222.625,-222.625,-222.625,-222.625,-222.0,-222.0,-222.0,-222.0
-1942.5,-974.5,-968.0,-243.625,-243.625,-243.625,-243.625,-242.0,-242.0,-242.0,-242.0
-1674.0,-832.0,-842.0,-208.0,-208.0,-208.0,-208.0,-210.5,-210.5,-210.5,-210.5
-1951.0,-1011.0,-940.0,-252.75,-252.75,-252.75,-252.75,-235.0,-235.0,-235.0,-235.0
-2010.0,-951.0,-1059.0,-237.75,-237.75,-237.75,-237.75,-264.75,-264.75,-264.75,-264.75
-1821.0,-860.5,-960.5,-215.125,-215.125,-215.125,-215.125,-240.125,-240.125,-240.125,-240.125
-2010.0,-943.0,-1067.0,-235.75,-235.75,-235.75,-235.75,-266.75,-266.75,-266.75,-266.75
-1964.5,-962.5,-1002.0,-240.625,-240.625,-240.625,-240.625,-250.5,-250.5,-250.5,-250.5
-2020.0,-1023.5,-996.5,-255.875,-255.875,-255.875,-255.875,-249.125,-249.125,-249.125,-249.125
-2054.5,-1119.0,-935.5,-279.75,-279.75,-279.75,-279.75,-233.875,-233.875,-233.875,-233.875
-2138.5,-1293.0,-845.5,-323.25,-323.25,-323.25,-323.25,-211.375,-211.375,-211.375,-211.375
-1827.0,-969.5,-857.5,-242.375,-242.375,-242.375,-242.375,-214.375,-214.375,-214.375,-214.375
-1644.0,-829.5,-814.5,-207.375,-207.375,-207.375,-207.375,-203.625,-203.625,-203.625,-203.625
-1726.5,-947.0,-779.5,-236.75,-236.75,-236.75,-236.75,-194.875,-194.875,-194.875,-194.875
-1786.0,-892.5,-893.5,-223.125,-223.125,-223.125,-223.125,-223.375,-223.375,-223.375,-223.375
-1780.0,-923.0,-857.0,-230.75,-230.75,-230.75,-230.75,-214.25,-214.25,-214.25,-214.25
-1837.5,-885.5,-952.0,-221.375,-221.375,-221.375,-221.375,-238.0,-238.0,-238.0,-238.0
-1778.0,-868.0,-910.0,-217.0,-217.0,-217.0,-217.0,-227.5,-227.5,-227.5,-227.5
-1761.5,-940.5,-821.0,-235.125,-235.125,-235.125,-235.125,-205.25,-205.25,-205.25,-205.25
-1801.0,-955.0,-846.0,-238.75,-238.75,-238.75,-238.75,-211.5,-211.5,-211.5,-211.5
-1692.5,-810.5,-882.0,-202.625,-202.625,-202.625,-202.625,-220.5,-220.5,-220.5,-220.5
-1819.5,-923.0,-896.5,-230.75,-230.75,-230.75,-230.75,-224.125,-224.125,-224.125,-224.125
-1864.0,-932.0,-932.0,-233.0,-233.0,-233.0,-233.0,-233.0,-233.0,-233.0,-233.0
-1840.5,-873.0,-967.5,-218.25,-218.25,-218.25,-218.25,-241.875,-241.875,-241.875,-241.875
-1672.0,-866.0,-806.0,-216.5,-216.5,-216.5,-216.5,-201.5,-201.5,-201.5,-201.5
-1889.5,-1004.0,-885.5,-251.0,-251.0,-251.0,-251.0,-221.375,-221.375,-221.375,-221.375
-1791.5,-904.5,-887.0,-226.125,-226.125,-226.125,-226.125,-221.75,-221.75,-221.75,-221.75
-1650.0,-795.5,-854.5,-198.875,-198.875,-198.875,-198.875,-213.625,-213.625,-213.625,-213.625
-1742.0,-847.0,-895.0,-211.75,-211.75,-211.75,-211.75,-223.75,-223.75,-223.75,-223.75
-1696.0,-879.5,-816.5,-219.875,-219.875,-219.875,-219.875,-204.125,-204.125,-204.125,-204.125
-1741.0,-871.5,-869.5,-217.875,-217.875,-217.875,-217.875,-217.375,-217.375,-217.375,-217.375
-1700.0,-951.0,-749.0,-237.75,-237.75,-237.75,-237.75,-187.25,-187.25,-187.25,-187.25
-1834.0,-874.5,-959.5,-218.625,-218.625,-218.625,-218.625,-239.875,-239.875,-239.875,-239.875
-1760.0,-896.5,-863.5,-224.125,-224.125,-224.125,-224.125,-215.875,-215.875,-215.875,-215.875
-1767.0,-786.5,-980.5,-196.625,-196.625,-196.625,-196.625,-245.125,-245.125,-245.125,-245.125
-1635.0,-905.5,-729.5,-226.375,-226.375,-226.375,-226.375,-182.375,-182.375,-182.375,-182.375
-1645.0,-948.5,-696.5,-237.125,-237.125,-237.125,-237.125,-174.125,-174.125,-174.125,-174.125
-1966.0,-1066.0,-900.0,-266.5,-266.5,-266.5,-266.5,-225.0,-225.0,-225.0,-225.0
-1796.5,-949.0,-847.5,-237.25,-237.25,-237.25,-237.25,-211.875,-211.875,-211.875,-211.875
-1832.0,-958.5,-873.5,-239.625,-239.625,-239.625,-239.625,-218.375,-218.375,-218.375,-218.375
-1833.0,-953.5,-879.5,-238.375,-238.375,-238.375,-238.375,-219.875,-219.875,-219.875,-219.875
-1762.5,-966.0,-796.5,-241.5,-241.5,-241.5,-241.5,-199.125,-199.125,-199.125,-199.125
-1641.0,-825.0,-816.0,-206.25,-206.25,-206.25,-206.25,-204.0,-204.0,-204.0,-204.0
-2000.5,-1102.0,-898.5,-275.5,-275.5,-275.5,-275.5,-224.625,-224.625,-224.625,-224.625
-1722.0,-939.0,-783.0,-234.75,-234.75,-234.75,-234.75,-195.75,-195.75,-195.75,-195.75
-1834.0,-954.5,-879.5,-238.625,-238.625,-238.625,-238.625,-219.875,-219.875,-219.875,-219.875
-1787.5,-909.0,-878.5,-227.25,-227.25,-227.25,-227.25,-219.625,-219.625,-219.625,-219.625
-1746.0,-1002.5,-743.5,-250.625,-250.625,-250.625,-250.625,-185.875,-185.875,-185.875,-185.875
-1687.0,-846.0,-841.0,-211.5,-211.5,-211.5,-211.5,-210.25,-210.25,-210.25,-210.25
-1773.0,-926.5,-846.5,-231.625,-231.625,-231.625,-231.625,-211.625,-211.625,-211.625,-211.625
-1703.5,-874.0,-829.5,-218.5,-218.5,-218.5,-218.5,-207.375,-207.375,-207.375,-207.375
-1581.5,-797.5,-784.0,-199.375,-199.375,-199.375,-199.375,-196.0,-196.0,-196.0,-196.0
-2171.0,-971.0,-1200.0,-242.75,-242.75,-242.75,-242.75,-300.0,-300.0,-300.0,-300.0
-1739.5,-939.5,-800.0,-234.875,-234.875,-234.875,-234.875,-200.0,-200.0,-200.0,-200.0
-1977.0,-972.5,-1004.5,-243.125,-243.125,-243.125,-243.125,-251.125,-251.125,-251.125,-251.125
-1777.5,-931.5,-846.0,-232.875,-232.875,-232.875,-232.875,-211.5,-211.5,-211.5,-211.5
-1840.0,-1005.5,-834.5,-251.375,-251.375,-251.375,-251.375,-208.625,-208.625,-208.625,-208.625
-1798.0,-956.0,-842.0,-239.0,-239.0,-239.0,-239.0,-210.5,-210.5,-210.5,-210.5
-1744.0,-867.5,-876.5,-216.875,-216.875,-216.875,-216.875,-219.125,-219.125,-219.125,-219.125
-1838.5,-954.5,-884.0,-238.625,-238.625,-238.625,-238.625,-221.0,-221.0,-221.0,-221.0
-1794.0,-1045.5,-748.5,-261.375,-261.375,-261.375,-261.375,-187.125,-187.125,-187.125,-187.125
-1750.0,-871.5,-878.5,-217.875,-217.875,-217.875,-217.875,-219.625,-219.625,-219.625,-219.625
-1653.5,-785.0,-868.5,-196.25,-196.25,-196.25,-196.25,-217.125,-217.125,-217.125,-217.125
-1841.5,-861.0,-980.5,-215.25,-215.25,-215.25,-215.25,-245.125,-245.125,-245.125,-245.125
-1704.5,-845.5,-859.0,-211.375,-211.375,-211.375,-211.375,-214.75,-214.75,-214.75,-214.75
-1878.5,-945.5,-933.0,-236.375,-236.375,-236.375,-236.375,-233.25,-233.25,-233.25,-233.25
-1747.0,-1000.5,-746.5,-250.125,-250.125,-250.125,-250.125,-186.625,-186.625,-186.625,-186.625
-1737.0,-883.5,-853.5,-220.875,-220.875,-220.875,-220.875,-213.375,-213.375,-213.375,-213.375
-1998.5,-1076.5,-922.0,-269.125,-269.125,-269.125,-269.125,-230.5,-230.5,-230.5,-230.5
-1801.5,-991.0,-810.5,-247.75,-247.75,-247.75,-247.75,-202.625,-202.625,-202.625,-202.625
-1694.0,-939.5,-754.5,-234.875,-234.875,-234.875,-234.875,-188.625,-188.625,-188.625,-188.625
-1916.0,-1047.5,-868.5,-261.875,-261.875,-261.875,-261.875,-217.125,-217.125,-217.125,-217.125
-1913.0,-1079.5,-833.5,-269.875,-269.875,-269.875,-269.875,-208.375,-208.375,-208.375,-208.375
-1729.5,-910.5,-819.0,-227.625,-227.625,-227.625,-227.625,-204.75,-204.75,-204.75,-204.75
-1662.0,-772.5,-889.5,-193.125,-193.125,-193.125,-193.125,-222.375,-222.375,-222.375,-222.375
-1645.0,-837.0,-808.0,-209.25,-209.25,-209.25,-209.25,-202.0,-202.0,-202.0,-202.0
-1785.0,-997.5,-787.5,-249.375,-249.375,-249.375,-249.375,-196.875,-196.875,-196.875,-196.875
-1603.5,-792.0,-811.5,-198.0,-198.0,-198.0,-198.0,-202.875,-202.875,-202.875,-202.875
-1573.5,-861.5,-712.0,-215.375,-215.375,-215.375,-215.375,-178.0,-178.0,-178.0,-178.0
-1811.0,-937.0,-874.0,-234.25,-234.25,-234.25,-234.25,-218.5,-218.5,-218.5,-218.5
-1574.0,-796.0,-778.0,-199.0,-199.0,-199.0,-199.0,-194.5,-194.5,-194.5,-194.5
-1785.5,-948.5,-837.0,-237.125,-237.125,-237.125,-237.125,-209.25,-209.25,-209.25,-209.25
-1602.0,-835.5,-766.5,-208.875,-208.875,-208.875,-208.875,-191.625,-191.625,-191.625,-191.625
-1626.5,-877.5,-749.0,-219.375,-219.375,-219.375,-219.375,-187.25,-187.25,-187.25,-187.25
-1692.0,-912.0,-780.0,-228.0,-228.0,-228.0,-228.0,-195.0,-195.0,-195.0,-195.0
-1815.5,-963.5,-852.0,-240.875,-240.875,-240.875,-240.875,-213.0,-213.0,-213.0,-213.0
-1856.5,-957.5,-899.0,-239.375,-239.375,-239.375,-239.375,-224.75,-224.75,-224.75,-224.75
-1622.0,-853.5,-768.5,-213.375,-213.375,-213.375,-213.375,-192.125,-192.125,-192.125,-192.125
-1914.5,-1070.5,-844.0,-267.625,-267.625,-267.625,-267.625,-211.0,-211.0,-211.0,-211.0
-1802.0,-1018.5,-783.5,-254.625,-254.625,-254.625,-254.625,-195.875,-195.875,-195.875,-195.875
-1759.5,-919.5,-840.0,-229.875,-229.875,-229.875,-229.875,-210.0,-210.0,-210.0,-210.0
-1792.5,-950.5,-842.0,-237.625,-237.625,-237.625,-237.625,-210.5,-210.5,-210.5,-210.5
-1791.5,-1013.5,-778.0,-253.375,-253.375,-253.375,-253.375,-194.5,-194.5,-194.5,-194.5
-1690.5,-926.5,-764.0,-231.625,-231.625,-231.625,-231.625,-191.0,-191.0,-191.0,-191.0
-1850.5,-1073.5,-777.0,-268.375,-268.375,-268.375,-268.375,-194.25,-194.25,-194.25,-194.25
-1873.0,-1037.0,-836.0,-259.25,-259.25,-259.25,-259.25,-209.0,-209.0,-209.0,-209.0
-1831.5,-1039.0,-792.5,-259.75,-259.75,-259.75,-259.75,-198.125,-198.125,-198.125,-198.125
-1992.5,-1070.5,-922.0,-267.625,-267.625,-267.625,-267.625,-230.5,-230.5,-230.5,-230.5
-2078.0,-1189.5,-888.5,-297.375,-297.375,-297.375,-297.375,-222.125,-222.125,-222.125,-222.125
-1771.5,-985.5,-786.0,-246.375,-246.375,-246.375,-246.375,-196.5,-196.5,-196.5,-196.5
-1734.0,-895.5,-838.5,-223.875,-223.875,-223.875,-223.875,-209.625,-209.625,-209.625,-209.625
-1686.5,-916.0,-770.5,-229.0,-229.0,-229.0,-229.0,-192.625,-192.625,-192.625,-192.625
-1817.5,-915.5,-902.0,-228.875,-228.875,-228.875,-228.875,-225.5,-225.5,-225.5,-225.5
-1854.5,-947.5,-907.0,-236.875,-236.875,-236.875,-236.875,-226.75,-226.75,-226.75,-226.75
-1686.5,-859.0,-827.5,-214.75,-214.75,-214.75,-214.75,-206.875,-206.875,-206.875,-206.875
-1757.0,-901.0,-856.0,-225.25,-225.25,-225.25,-225.25,-214.0,-214.0,-214.0,-214.0
-1882.5,-1014.0,-868.5,-253.5,-253.5,-253.5,-253.5,-217.125,-217.125,-217.125,-217.125
-1637.5,-827.5,-810.0,-206.875,-206.875,-206.875,-206.875,-202.5,-202.5,-202.5,-202.5
-1642.0,-874.5,-767.5,-218.625,-218.625,-218.625,-218.625,-191.875,-191.875,-191.875,-191.875
-1721.0,-878.5,-842.5,-219.625,-219.625,-219.625,-219.625,-210.625,-210.625,-210.625,-210.625
-1828.0,-907.0,-921.0,-226.75,-226.75,-226.75,-226.75,-230.25,-230.25,-230.25,-230.25
-1857.5,-946.5,-911.0,-236.625,-236.625,-236.625,-236.625,-227.75,-227.75,-227.75,-227.75
-1745.0,-966.0,-779.0,-241.5,-241.5,-241.5,-241.5,-194.75,-194.75,-194.75,-194.75
-1596.0,-838.0,-758.0,-209.5,-209.5,-209.5,-209.5,-189.5,-189.5,-189.5,-189.5
-1692.0,-873.0,-819.0,-218.25,-218.25,-218.25,-218.25,-204.75,-204.75,-204.75,-204.75
-1972.0,-1000.0,-972.0,-250.0,-250.0,-250.0,-250.0,-243.0,-243.0,-243.0,-243.0
-1915.5,-1093.5,-822.0,-273.375,-273.375,-273.375,-273.375,-205.5,-205.5,-205.5,-205.5
-1829.0,-994.5,-834.5,-248.625,-248.625,-248.625,-248.625,-208.625,-208.625,-208.625,-208.625
-1584.5,-827.0,-757.5,-206.75,-206.75,-206.75,-206.75,-189.375,-189.375,-189.375,-189.375
-1859.0,-953.5,-905.5,-238.375,-238.375,-238.375,-238.375,-226.375,-226.375,-226.375,-226.375
-1795.5,-892.5,-903.0,-223.125,-223.125,-223.125,-223.125,-225.75,-225.75,-225.75,-225.75
-1635.0,-825.0,-810.0,-206.25,-206.25,-206.25,-206.25,-202.5,-202.5,-202.5,-202.5
-1783.0,-889.5,-893.5,-222.375,-222.375,-222.375,-222.375,-223.375,-223.375,-223.375,-223.375
-1635.5,-887.0,-748.5,-221.75,-221.75,-221.75,-221.75,-187.125,-187.125,-187.125,-187.125
-1598.5,-816.0,-782.5,-204.0,-204.0,-204.0,-204.0,-195.625,-195.625,-195.625,-195.625
-1679.0,-910.5,-768.5,-227.625,-227.625,-227.625,-227.625,-192.125,-192.125,-192.125,-192.125
-1750.0,-900.5,-849.5,-225.125,-225.125,-225.125,-225.125,-212.375,-212.375,-212.375,-212.375
-1795.5,-936.0,-859.5,-234.0,-234.0,-234.0,-234.0,-214.875,-214.875,-214.875,-214.875
-1702.0,-925.0,-777.0,-231.25,-231.25,-231.25,-231.25,-194.25,-194.25,-194.25,-194.25
-1899.5,-1009.0,-890.5,-252.25,-252.25,-252.25,-252.25,-222.625,-222.625,-222.625,-222.625
-1770.5,-856.0,-914.5,-214.0,-214.0,-214.0,-214.0,-228.625,-228.625,-228.625,-228.625
-1740.0,-886.0,-854.0,-221.5,-221.5,-221.5,-221.5,-213.5,-213.5,-213.5,-213.5
-1662.5,-853.0,-809.5,-213.25,-213.25,-213.25,-213.25,-202.375,-202.375,-202.375,-202.375
-1619.0,-814.5,-804.5,-203.625,-203.625,-203.625,-203.625,-201.125,-201.125,-201.125,-201.125
-1659.0,-847.0,-812.0,-211.75,-211.75,-211.75,-211.75,-203.0,-203.0,-203.0,-203.0
-1863.5,-954.0,-909.5,-238.5,-238.5,-238.5,-238.5,-227.375,-227.375,-227.375,-227.375
-1779.0,-868.0,-911.0,-217.0,-217.0,-217.0,-217.0,-227.75,-227.75,-227.75,-227.75
-1896.0,-1033.5,-862.5,-258.375,-258.375,-258.375,-258.375,-215.625,-215.625,-215.625,-215.625
-1613.5,-857.5,-756.0,-214.375,-214.375,-214.375,-214.375,-189.0,-189.0,-189.0,-189.0
-1651.0,-921.0,-730.0,-230.25,-230.25,-230.25,-230.25,-182.5,-182.5,-182.5,-182.5
-1642.5,-813.5,-829.0,-203.375,-203.375,-203.375,-203.375,-207.25,-207.25,-207.25,-207.25
-1731.5,-895.0,-836.5,-223.75,-223.75,-223.75,-223.75,-209.125,-209.125,-209.125,-209.125
-1551.5,-885.5,-666.0,-221.375,-221.375,-221.375,-221.375,-166.5,-166.5,-166.5,-166.5
-1677.5,-847.0,-830.5,-211.75,-211.75,-211.75,-211.75,-207.625,-207.625,-207.625,-207.625
-1717.0,-879.5,-837.5,-219.875,-219.875,-219.875,-219.875,-209.375,-209.375,-209.375,-209.375
-1717.0,-876.0,-841.0,-219.0,-219.0,-219.0,-219.0,-210.25,-210.25,-210.25,-210.25
-1509.5,-795.0,-714.5,-198.75,-198.75,-198.75,-198.75,-178.625,-178.625,-178.625,-178.625
-1746.0,-837.5,-908.5,-209.375,-209.375,-209.375,-209.375,-227.125,-227.125,-227.125,-227.125
-2057.0,-973.5,-1083.5,-243.375,-243.375,-243.375,-243.375,-270.875,-270.875,-270.875,-270.875
-1629.0,-751.0,-878.0,-187.75,-187.75,-187.75,-187.75,-219.5,-219.5,-219.5,-219.5
-1824.0,-850.0,-974.0,-212.5,-212.5,-212.5,-212.5,-243.5,-243.5,-243.5,-243.5
-1901.5,-1012.0,-889.5,-253.0,-253.0,-253.0,-253.0,-222.375,-222.375,-222.375,-222.375
-1638.0,-819.0,-819.0,-204.75,-204.75,-204.75,-204.75,-204.75,-204.75,-204.75,-204.75
-1881.5,-924.0,-957.5,-231.0,-231.0,-231.0,-231.0,-239.375,-239.375,-239.375,-239.375
-1607.0,-841.5,-765.5,-210.375,-210.375,-210.375,-210.375,-191.375,-191.375,-191.375,-191.375
-1685.0,-888.0,-797.0,-222.0,-222.0,-222.0,-222.0,-199.25,-199.25,-199.25,-199.25
-1642.5,-866.0,-776.5,-216.5,-216.5,-216.5,-216.5,-194.125,-194.125,-194.125,-194.125
-1677.0,-963.5,-713.5,-240.875,-240.875,-240.875,-240.875,-178.375,-178.375,-178.375,-178.375
-1646.5,-917.5,-729.0,-229.375,-229.375,-229.375,-229.375,-182.25,-182.25,-182.25,-182.25
-1813.5,-962.5,-851.0,-240.625,-240.625,-240.625,-240.625,-212.75,-212.75,-212.75,-212.75
-1698.5,-873.0,-825.5,-218.25,-218.25,-218.25,-218.25,-206.375,-206.375,-206.375,-206.375
-1841.0,-889.5,-951.5,-222.375,-222.375,-222.375,-222.375,-237.875,-237.875,-237.875,-237.875
-1649.0,-915.0,-734.0,-228.75,-228.75,-228.75,-228.75,-183.5,-183.5,-183.5,-183.5
-1741.0,-916.5,-824.5,-229.125,-229.125,-229.125,-229.125,-206.125,-206.125,-206.125,-206.125
-1686.5,-854.0,-832.5,-213.5,-213.5,-213.5,-213.5,-208.125,-208.125,-208.125,-208.125
-1539.5,-755.0,-784.5,-188.75,-188.75,-188.75,-188.75,-196.125,-196.125,-196.125,-196.125
-1629.5,-819.5,-810.0,-204.875,-204.875,-204.875,-204.875,-202.5,-202.5,-202.5,-202.5
-1635.5,-815.5,-820.0,-203.875,-203.875,-203.875,-203.875,-205.0,-205.0,-205.0,-205.0
-1800.0,-928.5,-871.5,-232.125,-232.125,-232.125,-232.125,-217.875,-217.875,-217.875,-217.875
-1800.5,-1044.0,-756.5,-261.0,-261.0,-261.0,-261.0,-189.125,-189.125,-189.125,-189.125
-1723.5,-919.5,-804.0,-229.875,-229.875,-229.875,-229.875,-201.0,-201.0,-201.0,-201.0
-1777.0,-954.5,-822.5,-238.625,-238.625,-238.625,-238.625,-205.625,-205.625,-205.625,-205.625
-1800.0,-918.0,-882.0,-229.5,-229.5,-229.5,-229.5,-220.5,-220.5,-220.5,-220.5
-1619.0,-845.5,-773.5,-211.375,-211.375,-211.375,-211.375,-193.375,-193.375,-193.375,-193.375
-1730.0,-920.0,-810.0,-230.0,-230.0,-230.0,-230.0,-202.5,-202.5,-202.5,-202.5
-1884.0,-992.0,-892.0,-248.0,-248.0,-248.0,-248.0,-223.0,-223.0,-223.0,-223.0
-1654.5,-812.0,-842.5,-203.0,-203.0,-203.0,-203.0,-210.625,-210.625,-210.625,-210.625
-1850.5,-1043.5,-807.0,-260.875,-260.875,-260.875,-260.875,-201.75,-201.75,-201.75,-201.75
-1681.5,-905.5,-776.0,-226.375,-226.375,-226.375,-226.375,-194.0,-194.0,-194.0,-194.0
-1691.0,-894.5,-796.5,-223.625,-223.625,-223.625,-223.625,-199.125,-199.125,-199.125,-199.125
-1540.5,-746.5,-794.0,-186.625,-186.625,-186.625,-186.625,-198.5,-198.5,-198.5,-198.5
-1672.0,-821.5,-850.5,-205.375,-205.375,-205.375,-205.375,-212.625,-212.625,-212.625,-212.625
-1621.0,-822.5,-798.5,-205.625,-205.625,-205.625,-205.625,-199.625,-199.625,-199.625,-199.625
-1851.5,-1073.0,-778.5,-268.25,-268.25,-268.25,-268.25,-194.625,-194.625,-194.625,-194.625
-1648.5,-874.5,-774.0,-218.625,-218.625,-218.625,-218.625,-193.5,-193.5,-193.5,-193.5
-1433.5,-775.0,-658.5,-193.75,-193.75,-193.75,-193.75,-164.625,-164.625,-164.625,-164.625
-1617.5,-874.0,-743.5,-218.5,-218.5,-218.5,-218.5,-185.875,-185.875,-185.875,-185.875
-1756.5,-869.0,-887.5,-217.25,-217.25,-217.25,-217.25,-221.875,-221.875,-221.875,-221.875
-1578.0,-728.0,-850.0,-182.0,-182.0,-182.0,-182.0,-212.5,-212.5,-212.5,-212.5
-1705.5,-801.0,-904.5,-200.25,-200.25,-200.25,-200.25,-226.125,-226.125,-226.125,-226.125
-1835.0,-913.5,-921.5,-228.375,-228.375,-228.375,-228.375,-230.375,-230.375,-230.375,-230.375
-1661.0,-873.5,-787.5,-218.375,-218.375,-218.375,-218.375,-196.875,-196.875,-196.875,-196.875
-1677.0,-815.5,-861.5,-203.875,-203.875,-203.875,-203.875,-215.375,-215.375,-215.375,-215.375
-1697.5,-872.5,-825.0,-218.125,-218.125,-218.125,-218.125,-206.25,-206.25,-206.25,-206.25
-1807.0,-854.5,-952.5,-213.625,-213.625,-213.625,-213.625,-238.125,-238.125,-238.125,-238.125
-1586.5,-748.5,-838.0,-187.125,-187.125,-187.125,-187.125,-209.5,-209.5,-209.5,-209.5
-1779.5,-881.0,-898.5,-220.25,-220.25,-220.25,-220.25,-224.625,-224.625,-224.625,-224.625
-1729.0,-887.0,-842.0,-221.75,-221.75,-221.75,-221.75,-210.5,-210.5,-210.5,-210.5
-1695.0,-850.5,-844.5,-212.625,-212.625,-212.625,-212.625,-211.125,-211.125,-211.125,-211.125
-1553.0,-829.0,-724.0,-207.25,-207.25,-207.25,-207.25,-181.0,-181.0,-181.0,-181.0
-1712.5,-824.0,-888.5,-206.0,-206.0,-206.0,-206.0,-222.125,-222.125,-222.125,-222.125
-1671.5,-918.0,-753.5,-229.5,-229.5,-229.5,-229.5,-188.375,-188.375,-188.375,-188.375
-1740.5,-875.0,-865.5,-218.75,-218.75,-218.75,-218.75,-216.375,-216.375,-216.375,-216.375
-1773.0,-939.0,-834.0,-234.75,-234.75,-234.75,-234.75,-208.5,-208.5,-208.5,-208.5
-1840.0,-1003.0,-837.0,-250.75,-250.75,-250.75,-250.75,-209.25,-209.25,-209.25,-209.25
-1599.0,-853.5,-745.5,-213.375,-213.375,-213.375,-213.375,-186.375,-186.375,-186.375,-186.375
-1776.5,-929.0,-847.5,-232.25,-232.25,-232.25,-232.25,-211.875,-211.875,-211.875,-211.875
-1675.5,-865.5,-810.0,-216.375,-216.375,-216.375,-216.375,-202.5,-202.5,-202.5,-202.5
-2310.5,-1458.0,-852.5,-364.5,-364.5,-364.5,-364.5,-213.125,-213.125,-213.125,-213.125
-1673.5,-837.5,-836.0,-209.375,-209.375,-209.375,-209.375,-209.0,-209.0,-209.0,-209.0
-1716.5,-888.5,-828.0,-222.125,-222.125,-222.125,-222.125,-207.0,-207.0,-207.0,-207.0
-1888.0,-884.5,-1003.5,-221.125,-221.125,-221.125,-221.125,-250.875,-250.875,-250.875,-250.875
-2063.0,-1019.0,-1044.0,-254.75,-254.75,-254.75,-254.75,-261.0,-261.0,-261.0,-261.0
-1715.0,-938.5,-776.5,-234.625,-234.625,-234.625,-234.625,-194.125,-194.125,-194.125,-194.125
-1722.5,-884.5,-838.0,-221.125,-221.125,-221.125,-221.125,-209.5,-209.5,-209.5,-209.5
-1752.0,-926.5,-825.5,-231.625,-231.625,-231.625,-231.625,-206.375,-206.375,-206.375,-206.375
-1827.0,-898.0,-929.0,-224.5,-224.5,-224.5,-224.5,-232.25,-232.25,-232.25,-232.25
-1828.0,-869.5,-958.5,-217.375,-217.375,-217.375,-217.375,-239.625,-239.625,-239.625,-239.625
-1863.5,-976.0,-887.5,-244.0,-244.0,-244.0,-244.0,-221.875,-221.875,-221.875,-221.875
-1530.0,-805.5,-724.5,-201.375,-201.375,-201.375,-201.375,-181.125,-181.125,-181.125,-181.125
-1635.5,-813.5,-822.0,-203.375,-203.375,-203.375,-203.375,-205.5,-205.5,-205.5,-205.5
-1593.0,-915.5,-677.5,-228.875,-228.875,-228.875,-228.875,-169.375,-169.375,-169.375,-169.375
-1890.0,-1039.0,-851.0,-259.75,-259.75,-259.75,-259.75,-212.75,-212.75,-212.75,-212.75
-1781.0,-952.0,-829.0,-238.0,-238.0,-238.0,-238.0,-207.25,-207.25,-207.25,-207.25
-1832.5,-975.0,-857.5,-243.75,-243.75,-243.75,-243.75,-214.375,-214.375,-214.375,-214.375
-1681.5,-814.5,-867.0,-203.625,-203.625,-203.625,-203.625,-216.75,-216.75,-216.75,-216.75
-1701.5,-918.0,-783.5,-229.5,-229.5,-229.5,-229.5,-195.875,-195.875,-195.875,-195.875
-1671.5,-890.5,-781.0,-222.625,-222.625,-222.625,-222.625,-195.25,-195.25,-195.25,-195.25
-1903.5,-1130.0,-773.5,-282.5,-282.5,-282.5,-282.5,-193.375,-193.375,-193.375,-193.375
-1805.0,-854.5,-950.5,-213.625,-213.625,-213.625,-213.625,-237.625,-237.625,-237.625,-237.625
-1606.0,-744.5,-861.5,-186.125,-186.125,-186.125,-186.125,-215.375,-215.375,-215.375,-215.375
-1728.0,-907.0,-821.0,-226.75,-226.75,-226.75,-226.75,-205.25,-205.25,-205.25,-205.25
-1866.5,-980.5,-886.0,-245.125,-245.125,-245.125,-245.125,-221.5,-221.5,-221.5,-221.5
-1755.0,-882.5,-872.5,-220.625,-220.625,-220.625,-220.625,-218.125,-218.125,-218.125,-218.125
-1860.0,-887.5,-972.5,-221.875,-221.875,-221.875,-221.875,-243.125,-243.125,-243.125,-243.125
-1787.5,-920.5,-867.0,-230.125,-230.125,-230.125,-230.125,-216.75,-216.75,-216.75,-216.75
-1698.5,-804.0,-894.5,-201.0,-201.0,-201.0,-201.0,-223.625,-223.625,-223.625,-223.625
-1608.5,-783.5,-825.0,-195.875,-195.875,-195.875,-195.875,-206.25,-206.25,-206.25,-206.25
-1839.5,-960.5,-879.0,-240.125,-240.125,-240.125,-240.125,-219.75,-219.75,-219.75,-219.75
-1701.0,-829.5,-871.5,-207.375,-207.375,-207.375,-207.375,-217.875,-217.875,-217.875,-217.875
-1718.5,-879.5,-839.0,-219.875,-219.875,-219.875,-219.875,-209.75,-209.75,-209.75,-209.75
-1858.5,-987.5,-871.0,-246.875,-246.875,-246.875,-246.875,-217.75,-217.75,-217.75,-217.75
-1832.0,-914.0,-918.0,-228.5,-228.5,-228.5,-228.5,-229.5,-229.5,-229.5,-229.5
-1465.5,-685.0,-780.5,-171.25,-171.25,-171.25,-171.25,-195.125,-195.125,-195.125,-195.125
-1878.0,-938.0,-940.0,-234.5,-234.5,-234.5,-234.5,-235.0,-235.0,-235.0,-235.0
-1762.5,-797.0,-965.5,-199.25,-199.25,-199.25,-199.25,-241.375,-241.375,-241.375,-241.375
-1662.0,-834.5,-827.5,-208.625,-208.625,-208.625,-208.625,-206.875,-206.875,-206.875,-206.875
-1808.5,-837.5,-971.0,-209.375,-209.375,-209.375,-209.375,-242.75,-242.75,-242.75,-242.75
-1680.5,-885.5,-795.0,-221.375,-221.375,-221.375,-221.375,-198.75,-198.75,-198.75,-198.75
-1554.0,-795.5,-758.5,-198.875,-198.875,-198.875,-198.875,-189.625,-189.625,-189.625,-189.625
-1854.0,-974.0,-880.0,-243.5,-243.5,-243.5,-243.5,-220.0,-220.0,-220.0,-220.0
-1747.0,-897.5,-849.5,-224.375,-224.375,-224.375,-224.375,-212.375,-212.375,-212.375,-212.375
-1712.0,-929.0,-783.0,-232.25,-232.25,-232.25,-232.25,-195.75,-195.75,-195.75,-195.75
-1734.0,-967.0,-767.0,-241.75,-241.75,-241.75,-241.75,-191.75,-191.75,-191.75,-191.75
-1899.5,-970.0,-929.5,-242.5,-242.5,-242.5,-242.5,-232.375,-232.375,-232.375,-232.375
-1677.5,-845.0,-832.5,-211.25,-211.25,-211.25,-211.25,-208.125,-208.125,-208.125,-208.125
-1804.5,-1010.5,-794.0,-252.625,-252.625,-252.625,-252.625,-198.5,-198.5,-198.5,-198.5
-1649.0,-820.0,-829.0,-205.0,-205.0,-205.0,-205.0,-207.25,-207.25,-207.25,-207.25
-1669.5,-826.0,-843.5,-206.5,-206.5,-206.5,-206.5,-210.875,-210.875,-210.875,-210.875
-1949.5,-990.0,-959.5,-247.5,-247.5,-247.5,-247.5,-239.875,-239.875,-239.875,-239.875
-1745.5,-850.5,-895.0,-212.625,-212.625,-212.625,-212.625,-223.75,-223.75,-223.75,-223.75
-1739.0,-872.5,-866.5,-218.125,-218.125,-218.125,-218.125,-216.625,-216.625,-216.625,-216.625
-2046.5,-1018.0,-1028.5,-254.5,-254.5,-254.5,-254.5,-257.125,-257.125,-257.125,-257.125
-1661.0,-878.0,-783.0,-219.5,-219.5,-219.5,-219.5,-195.75,-195.75,-195.75,-195.75
-1823.5,-982.5,-841.0,-245.625,-245.625,-245.625,-245.625,-210.25,-210.25,-210.25,-210.25
-1717.0,-876.5,-840.5,-219.125,-219.125,-219.125,-219.125,-210.125,-210.125,-210.125,-210.125
-1587.5,-796.5,-791.0,-199.125,-199.125,-199.125,-199.125,-197.75,-197.75,-197.75,-197.75
-1663.0,-816.5,-846.5,-204.125,-204.125,-204.125,-204.125,-211.625,-211.625,-211.625,-211.625
-1854.5,-924.0,-930.5,-231.0,-231.0,-231.0,-231.0,-232.625,-232.625,-232.625,-232.625
-1800.0,-890.5,-909.5,-222.625,-222.625,-222.625,-222.625,-227.375,-227.375,-227.375,-227.375
-1771.0,-820.5,-950.5,-205.125,-205.125,-205.125,-205.125,-237.625,-237.625,-237.625,-237.625
-1758.0,-951.0,-807.0,-237.75,-237.75,-237.75,-237.75,-201.75,-201.75,-201.75,-201.75
-1657.5,-828.0,-829.5,-207.0,-207.0,-207.0,-207.0,-207.375,-207.375,-207.375,-207.375
-1673.0,-840.0,-833.0,-210.0,-210.0,-210.0,-210.0,-208.25,-208.25,-208.25,-208.25
-1682.5,-788.5,-894.0,-197.125,-197.125,-197.125,-197.125,-223.5,-223.5,-223.5,-223.5
-1570.0,-814.5,-755.5,-203.625,-203.625,-203.625,-203.625,-188.875,-188.875,-188.875,-188.875
-1839.0,-995.5,-843.5,-248.875,-248.875,-248.875,-248.875,-210.875,-210.875,-210.875,-210.875
-1926.5,-928.5,-998.0,-232.125,-232.125,-232.125,-232.125,-249.5,-249.5,-249.5,-249.5
-1465.5,-743.5,-722.0,-185.875,-185.875,-185.875,-185.875,-180.5,-180.5,-180.5,-180.5
-1792.5,-981.0,-811.5,-245.25,-245.25,-245.25,-245.25,-202.875,-202.875,-202.875,-202.875
-1746.0,-880.5,-865.5,-220.125,-220.125,-220.125,-220.125,-216.375,-216.375,-216.375,-216.375
-1631.0,-833.5,-797.5,-208.375,-208.375,-208.375,-208.375,-199.375,-199.375,-199.375,-199.375
-1735.0,-886.5,-848.5,-221.625,-221.625,-221.625,-221.625,-212.125,-212.125,-212.125,-212.125
-1726.5,-903.5,-823.0,-225.875,-225.875,-225.875,-225.875,-205.75,-205.75,-205.75,-205.75
-1741.0,-923.5,-817.5,-230.875,-230.875,-230.875,-230.875,-204.375,-204.375,-204.375,-204.375
-1526.0,-760.0,-766.0,-190.0,-190.0,-190.0,-190.0,-191.5,-191.5,-191.5,-191.5
-1731.5,-851.5,-880.0,-212.875,-212.875,-212.875,-212.875,-220.0,-220.0,-220.0,-220.0
-1715.5,-934.0,-781.5,-233.5,-233.5,-233.5,-233.5,-195.375,-195.375,-195.375,-195.375
-1691.0,-879.5,-811.5,-219.875,-219.875,-219.875,-219.875,-202.875,-202.875,-202.875,-202.875
-1883.5,-1071.5,-812.0,-267.875,-267.875,-267.875,-267.875,-203.0,-203.0,-203.0,-203.0
-1724.0,-950.0,-774.0,-237.5,-237.5,-237.5,-237.5,-193.5,-193.5,-193.5,-193.5
-1541.5,-813.5,-728.0,-203.375,-203.375,-203.375,-203.375,-182.0,-182.0,-182.0,-182.0
-1768.0,-943.5,-824.5,-235.875,-235.875,-235.875,-235.875,-206.125,-206.125,-206.125,-206.125
-1629.5,-920.0,-709.5,-230.0,-230.0,-230.0,-230.0,-177.375,-177.375,-177.375,-177.375
-1665.5,-884.0,-781.5,-221.0,-221.0,-221.0,-221.0,-195.375,-195.375,-195.375,-195.375
-1686.5,-880.0,-806.5,-220.0,-220.0,-220.0,-220.0,-201.625,-201.625,-201.625,-201.625
-1899.0,-1076.0,-823.0,-269.0,-269.0,-269.0,-269.0,-205.75,-205.75,-205.75,-205.75
-1606.0,-818.0,-788.0,-204.5,-204.5,-204.5,-204.5,-197.0,-197.0,-197.0,-197.0
-1517.0,-786.5,-730.5,-196.625,-196.625,-196.625,-196.625,-182.625,-182.625,-182.625,-182.625
-1724.5,-888.5,-836.0,-222.125,-222.125,-222.125,-222.125,-209.0,-209.0,-209.0,-209.0
-1649.5,-850.5,-799.0,-212.625,-212.625,-212.625,-212.625,-199.75,-199.75,-199.75,-199.75
-1720.5,-871.5,-849.0,-217.875,-217.875,-217.875,-217.875,-212.25,-212.25,-212.25,-212.25
-1871.5,-1075.0,-796.5,-268.75,-268.75,-268.75,-268.75,-199.125,-199.125,-199.125,-199.125
-1672.5,-863.5,-809.0,-215.875,-215.875,-215.875,-215.875,-202.25,-202.25,-202.25,-202.25
-1625.0,-911.5,-713.5,-227.875,-227.875,-227.875,-227.875,-178.375,-178.375,-178.375,-178.375
-1734.0,-869.0,-865.0,-217.25,-217.25,-217.25,-217.25,-216.25,-216.25,-216.25,-216.25
-1783.0,-859.5,-923.5,-214.875,-214.875,-214.875,-214.875,-230.875,-230.875,-230.875,-230.875
-1843.0,-962.0,-881.0,-240.5,-240.5,-240.5,-240.5,-220.25,-220.25,-220.25,-220.25
-1754.0,-858.5,-895.5,-214.625,-214.625,-214.625,-214.625,-223.875,-223.875,-223.875,-223.875
-1725.0,-881.0,-844.0,-220.25,-220.25,-220.25,-220.25,-211.0,-211.0,-211.0,-211.0
-1625.5,-811.5,-814.0,-202.875,-202.875,-202.875,-202.875,-203.5,-203.5,-203.5,-203.5
-1721.5,-866.5,-855.0,-216.625,-216.625,-216.625,-216.625,-213.75,-213.75,-213.75,-213.75
-1728.0,-809.0,-919.0,-202.25,-202.25,-202.25,-202.25,-229.75,-229.75,-229.75,-229.75
-1622.5,-857.5,-765.0,-214.375,-214.375,-214.375,-214.375,-191.25,-191.25,-191.25,-191.25
-1599.0,-759.0,-840.0,-189.75,-189.75,-189.75,-189.75,-210.0,-210.0,-210.0,-210.0
-1778.0,-865.5,-912.5,-216.375,-216.375,-216.375,-216.375,-228.125,-228.125,-228.125,-228.125
-1829.0,-835.0,-994.0,-208.75,-208.75,-208.75,-208.75,-248.5,-248.5,-248.5,-248.5
-1746.0,-848.0,-898.0,-212.0,-212.0,-212.0,-212.0,-224.5,-224.5,-224.5,-224.5
-1659.0,-877.5,-781.5,-219.375,-219.375,-219.375,-219.375,-195.375,-195.375,-195.375,-195.375
-1505.0,-791.0,-714.0,-197.75,-197.75,-197.75,-197.75,-178.5,-178.5,-178.5,-178.5
-1675.0,-863.0,-812.0,-215.75,-215.75,-215.75,-215.75,-203.0,-203.0,-203.0,-203.0
-1661.5,-895.5,-766.0,-223.875,-223.875,-223.875,-223.875,-191.5,-191.5,-191.5,-191.5
-1664.0,-845.5,-818.5,-211.375,-211.375,-211.375,-211.375,-204.625,-204.625,-204.625,-204.625
-1639.5,-835.5,-804.0,-208.875,-208.875,-208.875,-208.875,-201.0,-201.0,-201.0,-201.0
-1690.0,-890.0,-800.0,-222.5,-222.5,-222.5,-222.5,-200.0,-200.0,-200.0,-200.0
-1550.0,-770.5,-779.5,-192.625,-192.625,-192.625,-192.625,-194.875,-194.875,-194.875,-194.875
-1693.0,-775.0,-918.0,-193.75,-193.75,-193.75,-193.75,-229.5,-229.5,-229.5,-229.5
-1921.0,-977.5,-943.5,-244.375,-244.375,-244.375,-244.375,-235.875,-235.875,-235.875,-235.875
-1787.5,-984.0,-803.5,-246.0,-246.0,-246.0,-246.0,-200.875,-200.875,-200.875,-200.875
-1691.5,-879.0,-812.5,-219.75,-219.75,-219.75,-219.75,-203.125,-203.125,-203.125,-203.125
-1618.0,-885.5,-732.5,-221.375,-221.375,-221.375,-221.375,-183.125,-183.125,-183.125,-183.125
-1815.0,-885.5,-929.5,-221.375,-221.375,-221.375,-221.375,-232.375,-232.375,-232.375,-232.375
-1833.0,-927.0,-906.0,-231.75,-231.75,-231.75,-231.75,-226.5,-226.5,-226.5,-226.5
-1669.0,-838.5,-830.5,-209.625,-209.625,-209.625,-209.625,-207.625,-207.625,-207.625,-207.625
-1785.5,-881.5,-904.0,-220.375,-220.375,-220.375,-220.375,-226.0,-226.0,-226.0,-226.0
-1839.5,-882.0,-957.5,-220.5,-220.5,-220.5,-220.5,-239.375,-239.375,-239.375,-239.375
-1589.5,-787.5,-802.0,-196.875,-196.875,-196.875,-196.875,-200.5,-200.5,-200.5,-200.5
-1819.0,-910.5,-908.5,-227.625,-227.625,-227.625,-227.625,-227.125,-227.125,-227.125,-227.125
-1582.5,-779.5,-803.0,-194.875,-194.875,-194.875,-194.875,-200.75,-200.75,-200.75,-200.75
-1811.0,-962.0,-849.0,-240.5,-240.5,-240.5,-240.5,-212.25,-212.25,-212.25,-212.25
-1566.5,-869.5,-697.0,-217.375,-217.375,-217.375,-217.375,-174.25,-174.25,-174.25,-174.25
-1688.0,-918.5,-769.5,-229.625,-229.625,-229.625,-229.625,-192.375,-192.375,-192.375,-192.375
-1803.0,-907.0,-896.0,-226.75,-226.75,-226.75,-226.75,-224.0,-224.0,-224.0,-224.0
-1718.0,-872.0,-846.0,-218.0,-218.0,-218.0,-218.0,-211.5,-211.5,-211.5,-211.5
-1761.5,-937.5,-824.0,-234.375,-234.375,-234.375,-234.375,-206.0,-206.0,-206.0,-206.0
-1810.0,-936.5,-873.5,-234.125,-234.125,-234.125,-234.125,-218.375,-218.375,-218.375,-218.375
-1648.5,-914.5,-734.0,-228.625,-228.625,-228.625,-228.625,-183.5,-183.5,-183.5,-183.5
-1715.0,-896.5,-818.5,-224.125,-224.125,-224.125,-224.125,-204.625,-204.625,-204.625,-204.625
-1724.0,-874.0,-850.0,-218.5,-218.5,-218.5,-218.5,-212.5,-212.5,-212.5,-212.5
-1794.0,-966.0,-828.0,-241.5,-241.5,-241.5,-241.5,-207.0,-207.0,-207.0,-207.0
-1912.5,-1060.0,-852.5,-265.0,-265.0,-265.0,-265.0,-213.125,-213.125,-213.125,-213.125
-1832.5,-998.5,-834.0,-249.625,-249.625,-249.625,-249.625,-208.5,-208.5,-208.5,-208.5
-1639.0,-878.0,-761.0,-219.5,-219.5,-219.5,-219.5,-190.25,-190.25,-190.25,-190.25
-1699.0,-875.0,-824.0,-218.75,-218.75,-218.75,-218.75,-206.0,-206.0,-206.0,-206.0
-1666.0,-911.0,-755.0,-227.75,-227.75,-227.75,-227.75,-188.75,-188.75,-188.75,-188.75
-1729.5,-891.0,-838.5,-222.75,-222.75,-222.75,-222.75,-209.625,-209.625,-209.625,-209.625
-1988.5,-1097.0,-891.5,-274.25,-274.25,-274.25,-274.25,-222.875,-222.875,-222.875,-222.875
-1661.0,-828.0,-833.0,-207.0,-207.0,-207.0,-207.0,-208.25,-208.25,-208.25,-208.25
-1759.5,-947.0,-812.5,-236.75,-236.75,-236.75,-236.75,-203.125,-203.125,-203.125,-203.125
-1723.0,-907.0,-816.0,-226.75,-226.75,-226.75,-226.75,-204.0,-204.0,-204.0,-204.0
-1637.0,-842.0,-795.0,-210.5,-210.5,-210.5,-210.5,-198.75,-198.75,-198.75,-198.75
-1676.5,-835.5,-841.0,-208.875,-208.875,-208.875,-208.875,-210.25,-210.25,-210.25,-210.25
-1831.0,-910.5,-920.5,-227.625,-227.625,-227.625,-227.625,-230.125,-230.125,-230.125,-230.125
-1700.5,-888.5,-812.0,-222.125,-222.125,-222.125,-222.125,-203.0,-203.0,-203.0,-203.0
-1866.0,-1030.0,-836.0,-257.5,-257.5,-257.5,-257.5,-209.0,-209.0,-209.0,-209.0
-1755.0,-884.0,-871.0,-221.0,-221.0,-221.0,-221.0,-217.75,-217.75,-217.75,-217.75
-1632.0,-868.5,-763.5,-217.125,-217.125,-217.125,-217.125,-190.875,-190.875,-190.875,-190.875
-1700.0,-867.0,-833.0,-216.75,-216.75,-216.75,-216.75,-208.25,-208.25,-208.25,-208.25
-1783.5,-929.5,-854.0,-232.375,-232.375,-232.375,-232.375,-213.5,-213.5,-213.5,-213.5
-1805.0,-965.0,-840.0,-241.25,-241.25,-241.25,-241.25,-210.0,-210.0,-210.0,-210.0
-1898.5,-956.5,-942.0,-239.125,-239.125,-239.125,-239.125,-235.5,-235.5,-235.5,-235.5
-1749.0,-920.5,-828.5,-230.125,-230.125,-230.125,-230.125,-207.125,-207.125,-207.125,-207.125
-1744.5,-917.5,-827.0,-229.375,-229.375,-229.375,-229.375,-206.75,-206.75,-206.75,-206.75
-1805.5,-914.0,-891.5,-228.5,-228.5,-228.5,-228.5,-222.875,-222.875,-222.875,-222.875
-1840.0,-1014.5,-825.5,-253.625,-253.625,-253.625,-253.625,-206.375,-206.375,-206.375,-206.375
-1632.5,-834.0,-798.5,-208.5,-208.5,-208.5,-208.5,-199.625,-199.625,-199.625,-199.625
-1793.5,-908.0,-885.5,-227.0,-227.0,-227.0,-227.0,-221.375,-221.375,-221.375,-221.375
-1747.0,-819.5,-927.5,-204.875,-204.875,-204.875,-204.875,-231.875,-231.875,-231.875,-231.875
-1709.5,-933.0,-776.5,-233.25,-233.25,-233.25,-233.25,-194.125,-194.125,-194.125,-194.125
-1623.0,-841.0,-782.0,-210.25,-210.25,-210.25,-210.25,-195.5,-195.5,-195.5,-195.5
-1742.5,-851.5,-891.0,-212.875,-212.875,-212.875,-212.875,-222.75,-222.75,-222.75,-222.75
-1777.0,-938.5,-838.5,-234.625,-234.625,-234.625,-234.625,-209.625,-209.625,-209.625,-209.625
-1650.0,-897.0,-753.0,-224.25,-224.25,-224.25,-224.25,-188.25,-188.25,-188.25,-188.25
-1722.5,-946.5,-776.0,-236.625,-236.625,-236.625,-236.625,-194.0,-194.0,-194.0,-194.0
-1624.5,-836.0,-788.5,-209.0,-209.0,-209.0,-209.0,-197.125,-197.125,-197.125,-197.125
-1760.5,-952.5,-808.0,-238.125,-238.125,-238.125,-238.125,-202.0,-202.0,-202.0,-202.0
-1668.5,-900.0,-768.5,-225.0,-225.0,-225.0,-225.0,-192.125,-192.125,-192.125,-192.125
-1622.0,-872.0,-750.0,-218.0,-218.0,-218.0,-218.0,-187.5,-187.5,-187.5,-187.5
-1685.0,-904.0,-781.0,-226.0,-226.0,-226.0,-226.0,-195.25,-195.25,-195.25,-195.25
-1534.0,-791.0,-743.0,-197.75,-197.75,-197.75,-197.75,-185.75,-185.75,-185.75,-185.75
-1652.5,-879.5,-773.0,-219.875,-219.875,-219.875,-219.875,-193.25,-193.25,-193.25,-193.25
-1822.0,-1022.5,-799.5,-255.625,-255.625,-255.625,-255.625,-199.875,-199.875,-199.875,-199.875
-1923.0,-996.0,-927.0,-249.0,-249.0,-249.0,-249.0,-231.75,-231.75,-231.75,-231.75
-1833.5,-918.0,-915.5,-229.5,-229.5,-229.5,-229.5,-228.875,-228.875,-228.875,-228.875
-1667.5,-829.5,-838.0,-207.375,-207.375,-207.375,-207.375,-209.5,-209.5,-209.5,-209.5
-1660.0,-861.5,-798.5,-215.375,-215.375,-215.375,-215.375,-199.625,-199.625,-199.625,-199.625
-1749.0,-887.0,-862.0,-221.75,-221.75,-221.75,-221.75,-215.5,-215.5,-215.5,-215.5
-1601.5,-761.0,-840.5,-190.25,-190.25,-190.25,-190.25,-210.125,-210.125,-210.125,-210.125
-1776.5,-922.0,-854.5,-230.5,-230.5,-230.5,-230.5,-213.625,-213.625,-213.625,-213.625
-1570.0,-812.0,-758.0,-203.0,-203.0,-203.0,-203.0,-189.5,-189.5,-189.5,-189.5
-1686.5,-878.5,-808.0,-219.625,-219.625,-219.625,-219.625,-202.0,-202.0,-202.0,-202.0
-1704.5,-869.5,-835.0,-217.375,-217.375,-217.375,-217.375,-208.75,-208.75,-208.75,-208.75
-1558.0,-777.5,-780.5,-194.375,-194.375,-194.375,-194.375,-195.125,-195.125,-195.125,-195.125
-1483.5,-719.0,-764.5,-179.75,-179.75,-179.75,-179.75,-191.125,-191.125,-191.125,-191.125
-1796.5,-925.5,-871.0,-231.375,-231.375,-231.375,-231.375,-217.75,-217.75,-217.75,-217.75
-1620.5,-894.0,-726.5,-223.5,-223.5,-223.5,-223.5,-181.625,-181.625,-181.625,-181.625
-2057.5,-1072.5,-985.0,-268.125,-268.125,-268.125,-268.125,-246.25,-246.25,-246.25,-246.25
-1777.5,-917.5,-860.0,-229.375,-229.375,-229.375,-229.375,-215.0,-215.0,-215.0,-215.0
-1787.0,-958.0,-829.0,-239.5,-239.5,-239.5,-239.5,-207.25,-207.25,-207.25,-207.25
-1616.0,-829.0,-787.0,-207.25,-207.25,-207.25,-207.25,-196.75,-196.75,-196.75,-196.75
-1612.0,-894.5,-717.5,-223.625,-223.625,-223.625,-223.625,-179.375,-179.375,-179.375,-179.375
-1761.5,-899.0,-862.5,-224.75,-224.75,-224.75,-224.75,-215.625,-215.625,-215.625,-215.625
-1643.0,-844.0,-799.0,-211.0,-211.0,-211.0,-211.0,-199.75,-199.75,-199.75,-199.75
-1667.0,-846.0,-821.0,-211.5,-211.5,-211.5,-211.5,-205.25,-205.25,-205.25,-205.25
-1632.0,-779.5,-852.5,-194.875,-194.875,-194.875,-194.875,-213.125,-213.125,-213.125,-213.125
-1723.5,-908.0,-815.5,-227.0,-227.0,-227.0,-227.0,-203.875,-203.875,-203.875,-203.875
-1742.0,-907.5,-834.5,-226.875,-226.875,-226.875,-226.875,-208.625,-208.625,-208.625,-208.625
-1585.0,-860.0,-725.0,-215.0,-215.0,-215.0,-215.0,-181.25,-181.25,-181.25,-181.25
-1678.0,-833.0,-845.0,-208.25,-208.25,-208.25,-208.25,-211.25,-211.25,-211.25,-211.25
-1934.5,-1166.5,-768.0,-291.625,-291.625,-291.625,-291.625,-192.0,-192.0,-192.0,-192.0
-1695.5,-890.5,-805.0,-222.625,-222.625,-222.625,-222.625,-201.25,-201.25,-201.25,-201.25
-1544.0,-854.0,-690.0,-213.5,-213.5,-213.5,-213.5,-172.5,-172.5,-172.5,-172.5
-1829.0,-949.0,-880.0,-237.25,-237.25,-237.25,-237.25,-220.0,-220.0,-220.0,-220.0
-1746.0,-941.5,-804.5,-235.375,-235.375,-235.375,-235.375,-201.125,-201.125,-201.125,-201.125
-2130.5,-1232.0,-898.5,-308.0,-308.0,-308.0,-308.0,-224.625,-224.625,-224.625,-224.625
-1795.0,-975.5,-819.5,-243.875,-243.875,-243.875,-243.875,-204.875,-204.875,-204.875,-204.875
-1777.0,-994.0,-783.0,-248.5,-248.5,-248.5,-248.5,-195.75,-195.75,-195.75,-195.75
-1767.0,-905.0,-862.0,-226.25,-226.25,-226.25,-226.25,-215.5,-215.5,-215.5,-215.5
-1964.5,-1023.0,-941.5,-255.75,-255.75,-255.75,-255.75,-235.375,-235.375,-235.375,-235.375
-1674.5,-783.0,-891.5,-195.75,-195.75,-195.75,-195.75,-222.875,-222.875,-222.875,-222.875
-1751.5,-919.5,-832.0,-229.875,-229.875,-229.875,-229.875,-208.0,-208.0,-208.0,-208.0
-1791.5,-908.0,-883.5,-227.0,-227.0,-227.0,-227.0,-220.875,-220.875,-220.875,-220.875
-1583.5,-888.0,-695.5,-222.0,-222.0,-222.0,-222.0,-173.875,-173.875,-173.875,-173.875
-1814.0,-936.5,-877.5,-234.125,-234.125,-234.125,-234.125,-219.375,-219.375,-219.375,-219.375
-1930.5,-958.5,-972.0,-239.625,-239.625,-239.625,-239.625,-243.0,-243.0,-243.0,-243.0
-1852.0,-973.5,-878.5,-243.375,-243.375,-243.375,-243.375,-219.625,-219.625,-219.625,-219.625
-1762.5,-898.5,-864.0,-224.625,-224.625,-224.625,-224.625,-216.0,-216.0,-216.0,-216.0
-1637.0,-844.5,-792.5,-211.125,-211.125,-211.125,-211.125,-198.125,-198.125,-198.125,-198.125
-1755.0,-934.5,-820.5,-233.625,-233.625,-233.625,-233.625,-205.125,-205.125,-205.125,-205.125
-1854.0,-930.5,-923.5,-232.625,-232.625,-232.625,-232.625,-230.875,-230.875,-230.875,-230.875
-1689.5,-842.5,-847.0,-210.625,-210.625,-210.625,-210.625,-211.75,-211.75,-211.75,-211.75
-1730.0,-916.5,-813.5,-229.125,-229.125,-229.125,-229.125,-203.375,-203.375,-203.375,-203.375
-1872.0,-945.5,-926.5,-236.375,-236.375,-236.375,-236.375,-231.625,-231.625,-231.625,-231.625
-1571.5,-822.5,-749.0,-205.625,-205.625,-205.625,-205.625,-187.25,-187.25,-187.25,-187.25
-1764.5,-973.5,-791.0,-243.375,-243.375,-243.375,-243.375,-197.75,-197.75,-197.75,-197.75
-1717.5,-851.0,-866.5,-212.75,-212.75,-212.75,-212.75,-216.625,-216.625,-216.625,-216.625
-1796.0,-872.5,-923.5,-218.125,-218.125,-218.125,-218.125,-230.875,-230.875,-230.875,-230.875
-1658.0,-860.5,-797.5,-215.125,-215.125,-215.125,-215.125,-199.375,-199.375,-199.375,-199.375
-1776.5,-982.0,-794.5,-245.5,-245.5,-245.5,-245.5,-198.625,-198.625,-198.625,-198.625
-1734.5,-817.5,-917.0,-204.375,-204.375,-204.375,-204.375,-229.25,-229.25,-229.25,-229.25
-1908.0,-1019.5,-888.5,-254.875,-254.875,-254.875,-254.875,-222.125,-222.125,-222.125,-222.125
-1680.5,-883.0,-797.5,-220.75,-220.75,-220.75,-220.75,-199.375,-199.375,-199.375,-199.375
-1862.5,-965.0,-897.5,-241.25,-241.25,-241.25,-241.25,-224.375,-224.375,-224.375,-224.375
-1611.0,-779.0,-832.0,-194.75,-194.75,-194.75,-194.75,-208.0,-208.0,-208.0,-208.0
-1742.5,-861.5,-881.0,-215.375,-215.375,-215.375,-215.375,-220.25,-220.25,-220.25,-220.25
-1656.0,-813.5,-842.5,-203.375,-203.375,-203.375,-203.375,-210.625,-210.625,-210.625,-210.625
-1656.5,-816.5,-840.0,-204.125,-204.125,-204.125,-204.125,-210.0,-210.0,-210.0,-210.0
-1697.5,-848.0,-849.5,-212.0,-212.0,-212.0,-212.0,-212.375,-212.375,-212.375,-212.375
-1738.5,-885.5,-853.0,-221.375,-221.375,-221.375,-221.375,-213.25,-213.25,-213.25,-213.25
-1628.5,-816.0,-812.5,-204.0,-204.0,-204.0,-204.0,-203.125,-203.125,-203.125,-203.125
-1890.0,-942.0,-948.0,-235.5,-235.5,-235.5,-235.5,-237.0,-237.0,-237.0,-237.0
-1717.5,-865.5,-852.0,-216.375,-216.375,-216.375,-216.375,-213.0,-213.0,-213.0,-213.0
-1781.5,-934.0,-847.5,-233.5,-233.5,-233.5,-233.5,-211.875,-211.875,-211.875,-211.875
-1779.5,-869.5,-910.0,-217.375,-217.375,-217.375,-217.375,-227.5,-227.5,-227.5,-227.5
-1662.5,-865.5,-797.0,-216.375,-216.375,-216.375,-216.375,-199.25,-199.25,-199.25,-199.25
-1760.5,-942.0,-818.5,-235.5,-235.5,-235.5,-235.5,-204.625,-204.625,-204.625,-204.625
-1643.5,-745.0,-898.5,-186.25,-186.25,-186.25,-186.25,-224.625,-224.625,-224.625,-224.625
-1594.5,-838.5,-756.0,-209.625,-209.625,-209.625,-209.625,-189.0,-189.0,-189.0,-189.0
-1901.0,-945.5,-955.5,-236.375,-236.375,-236.375,-236.375,-238.875,-238.875,-238.875,-238.875
-1817.0,-922.5,-894.5,-230.625,-230.625,-230.625,-230.625,-223.625,-223.625,-223.625,-223.625
-1577.0,-849.5,-727.5,-212.375,-212.375,-212.375,-212.375,-181.875,-181.875,-181.875,-181.875
-1753.5,-854.0,-899.5,-213.5,-213.5,-213.5,-213.5,-224.875,-224.875,-224.875,-224.875
-1644.0,-824.5,-819.5,-206.125,-206.125,-206.125,-206.125,-204.875,-204.875,-204.875,-204.875
-1761.0,-858.0,-903.0,-214.5,-214.5,-214.5,-214.5,-225.75,-225.75,-225.75,-225.75
-1778.5,-917.0,-861.5,-229.25,-229.25,-229.25,-229.25,-215.375,-215.375,-215.375,-215.375
-1816.0,-981.5,-834.5,-245.375,-245.375,-245.375,-245.375,-208.625,-208.625,-208.625,-208.625
-1793.0,-875.0,-918.0,-218.75,-218.75,-218.75,-218.75,-229.5,-229.5,-229.5,-229.5
-1778.0,-892.0,-886.0,-223.0,-223.0,-223.0,-223.0,-221.5,-221.5,-221.5,-221.5
-1945.0,-931.0,-1014.0,-232.75,-232.75,-232.75,-232.75,-253.5,-253.5,-253.5,-253.5
-1747.5,-860.0,-887.5,-215.0,-215.0,-215.0,-215.0,-221.875,-221.875,-221.875,-221.875
-1640.0,-935.5,-704.5,-233.875,-233.875,-233.875,-233.875,-176.125,-176.125,-176.125,-176.125
-1726.5,-812.0,-914.5,-203.0,-203.0,-203.0,-203.0,-228.625,-228.625,-228.625,-228.625
-1806.5,-915.0,-891.5,-228.75,-228.75,-228.75,-228.75,-222.875,-222.875,-222.875,-222.875
-1583.5,-804.5,-779.0,-201.125,-201.125,-201.125,-201.125,-194.75,-194.75,-194.75,-194.75
-1742.5,-889.5,-853.0,-222.375,-222.375,-222.375,-222.375,-213.25,-213.25,-213.25,-213.25
-1677.5,-830.0,-847.5,-207.5,-207.5,-207.5,-207.5,-211.875,-211.875,-211.875,-211.875
-1580.5,-807.0,-773.5,-201.75,-201.75,-201.75,-201.75,-193.375,-193.375,-193.375,-193.375
-1651.0,-807.5,-843.5,-201.875,-201.875,-201.875,-201.875,-210.875,-210.875,-210.875,-210.875
-1720.0,-842.5,-877.5,-210.625,-210.625,-210.625,-210.625,-219.375,-219.375,-219.375,-219.375
-1660.5,-912.5,-748.0,-228.125,-228.125,-228.125,-228.125,-187.0,-187.0,-187.0,-187.0
-1813.5,-921.0,-892.5,-230.25,-230.25,-230.25,-230.25,-223.125,-223.125,-223.125,-223.125
-1545.5,-776.5,-769.0,-194.125,-194.125,-194.125,-194.125,-192.25,-192.25,-192.25,-192.25
-1532.5,-781.5,-751.0,-195.375,-195.375,-195.375,-195.375,-187.75,-187.75,-187.75,-187.75
-1692.5,-872.0,-820.5,-218.0,-218.0,-218.0,-218.0,-205.125,-205.125,-205.125,-205.125
-1691.0,-846.5,-844.5,-211.625,-211.625,-211.625,-211.625,-211.125,-211.125,-211.125,-211.125
-1728.0,-862.0,-866.0,-215.5,-215.5,-215.5,-215.5,-216.5,-216.5,-216.5,-216.5
-1823.0,-980.5,-842.5,-245.125,-245.125,-245.125,-245.125,-210.625,-210.625,-210.625,-210.625
-1722.0,-868.5,-853.5,-217.125,-217.125,-217.125,-217.125,-213.375,-213.375,-213.375,-213.375
-1556.0,-814.0,-742.0,-203.5,-203.5,-203.5,-203.5,-185.5,-185.5,-185.5,-185.5
-1723.0,-876.0,-847.0,-219.0,-219.0,-219.0,-219.0,-211.75,-211.75,-211.75,-211.75
-1611.0,-894.5,-716.5,-223.625,-223.625,-223.625,-223.625,-179.125,-179.125,-179.125,-179.125
-1722.0,-836.5,-885.5,-209.125,-209.125,-209.125,-209.125,-221.375,-221.375,-221.375,-221.375
-1613.0,-879.5,-733.5,-219.875,-219.875,-219.875,-219.875,-183.375,-183.375,-183.375,-183.375
-1724.0,-835.5,-888.5,-208.875,-208.875,-208.875,-208.875,-222.125,-222.125,-222.125,-222.125
-1542.0,-756.0,-786.0,-189.0,-189.0,-189.0,-189.0,-196.5,-196.5,-196.5,-196.5
-1679.5,-830.0,-849.5,-207.5,-207.5,-207.5,-207.5,-212.375,-212.375,-212.375,-212.375
-1630.0,-858.0,-772.0,-214.5,-214.5,-214.5,-214.5,-193.0,-193.0,-193.0,-193.0
-1540.0,-843.5,-696.5,-210.875,-210.875,-210.875,-210.875,-174.125,-174.125,-174.125,-174.125
-1525.5,-810.0,-715.5,-202.5,-202.5,-202.5,-202.5,-178.875,-178.875,-178.875,-178.875
-2127.5,-946.5,-1181.0,-236.625,-236.625,-236.625,-236.625,-295.25,-295.25,-295.25,-295.25
-1450.5,-741.0,-709.5,-185.25,-185.25,-185.25,-185.25,-177.375,-177.375,-177.375,-177.375
-1658.0,-827.5,-830.5,-206.875,-206.875,-206.875,-206.875,-207.625,-207.625,-207.625,-207.625
-1782.5,-973.5,-809.0,-243.375,-243.375,-243.375,-243.375,-202.25,-202.25,-202.25,-202.25
-1653.5,-850.5,-803.0,-212.625,-212.625,-212.625,-212.625,-200.75,-200.75,-200.75,-200.75
-1791.5,-913.5,-878.0,-228.375,-228.375,-228.375,-228.375,-219.5,-219.5,-219.5,-219.5
-1619.5,-850.5,-769.0,-212.625,-212.625,-212.625,-212.625,-192.25,-192.25,-192.25,-192.25
-1597.0,-793.0,-804.0,-198.25,-198.25,-198.25,-198.25,-201.0,-201.0,-201.0,-201.0
-1685.5,-848.0,-837.5,-212.0,-212.0,-212.0,-212.0,-209.375,-209.375,-209.375,-209.375
-1517.5,-737.0,-780.5,-184.25,-184.25,-184.25,-184.25,-195.125,-195.125,-195.125,-195.125
-1804.5,-943.0,-861.5,-235.75,-235.75,-235.75,-235.75,-215.375,-215.375,-215.375,-215.375
-1815.0,-902.5,-912.5,-225.625,-225.625,-225.625,-225.625,-228.125,-228.125,-228.125,-228.125
-1752.0,-946.0,-806.0,-236.5,-236.5,-236.5,-236.5,-201.5,-201.5,-201.5,-201.5
-1798.5,-1026.5,-772.0,-256.625,-256.625,-256.625,-256.625,-193.0,-193.0,-193.0,-193.0
-1570.0,-790.5,-779.5,-197.625,-197.625,-197.625,-197.625,-194.875,-194.875,-194.875,-194.875
-1628.5,-896.5,-732.0,-224.125,-224.125,-224.125,-224.125,-183.0,-183.0,-183.0,-183.0
-1491.5,-767.5,-724.0,-191.875,-191.875,-191.875,-191.875,-181.0,-181.0,-181.0,-181.0
-1651.5,-939.0,-712.5,-234.75,-234.75,-234.75,-234.75,-178.125,-178.125,-178.125,-178.125
-1709.0,-874.5,-834.5,-218.625,-218.625,-218.625,-218.625,-208.625,-208.625,-208.625,-208.625
-1592.0,-865.0,-727.0,-216.25,-216.25,-216.25,-216.25,-181.75,-181.75,-181.75,-181.75
-1789.5,-978.0,-811.5,-244.5,-244.5,-244.5,-244.5,-202.875,-202.875,-202.875,-202.875
-1569.0,-748.0,-821.0,-187.0,-187.0,-187.0,-187.0,-205.25,-205.25,-205.25,-205.25
-1751.5,-970.5,-781.0,-242.625,-242.625,-242.625,-242.625,-195.25,-195.25,-195.25,-195.25
-1693.0,-903.5,-789.5,-225.875,-225.875,-225.875,-225.875,-197.375,-197.375,-197.375,-197.375
-1675.0,-899.5,-775.5,-224.875,-224.875,-224.875,-224.875,-193.875,-193.875,-193.875,-193.875
-1507.0,-837.5,-669.5,-209.375,-209.375,-209.375,-209.375,-167.375,-167.375,-167.375,-167.375
-1862.5,-1043.0,-819.5,-260.75,-260.75,-260.75,-260.75,-204.875,-204.875,-204.875,-204.875
-2209.0,-1396.0,-813.0,-349.0,-349.0,-349.0,-349.0,-203.25,-203.25,-203.25,-203.25
-1949.5,-1001.0,-948.5,-250.25,-250.25,-250.25,-250.25,-237.125,-237.125,-237.125,-237.125
-1587.0,-810.0,-777.0,-202.5,-202.5,-202.5,-202.5,-194.25,-194.25,-194.25,-194.25
-1668.0,-921.0,-747.0,-230.25,-230.25,-230.25,-230.25,-186.75,-186.75,-186.75,-186.75
-1919.0,-1024.5,-894.5,-256.125,-256.125,-256.125,-256.125,-223.625,-223.625,-223.625,-223.625
-1825.5,-930.5,-895.0,-232.625,-232.625,-232.625,-232.625,-223.75,-223.75,-223.75,-223.75
-1734.0,-940.5,-793.5,-235.125,-235.125,-235.125,-235.125,-198.375,-198.375,-198.375,-198.375
-1690.0,-907.5,-782.5,-226.875,-226.875,-226.875,-226.875,-195.625,-195.625,-195.625,-195.625
-1471.0,-712.5,-758.5,-178.125,-178.125,-178.125,-178.125,-189.625,-189.625,-189.625,-189.625
-1779.0,-936.5,-842.5,-234.125,-234.125,-234.125,-234.125,-210.625,-210.625,-210.625,-210.625
-1563.5,-767.5,-796.0,-191.875,-191.875,-191.875,-191.875,-199.0,-199.0,-199.0,-199.0
-1673.0,-941.0,-732.0,-235.25,-235.25,-235.25,-235.25,-183.0,-183.0,-183.0,-183.0
-1769.5,-992.5,-777.0,-248.125,-248.125,-248.125,-248.125,-194.25,-194.25,-194.25,-194.25
